Sample,Type_Verbose,Type,quant_reading,Too_Low,Amplification_Condition,Clean_Up,Sample_or_Control,Pitcher ID,Field Collection Date,Day Number,Start_End,Extraction Date,Treatment,Plant,First,Second,Third,Fourth,Total_Resident,Pupae,Added,Removed,Total_Post_Treat,Water_Added_Before_Sampling,Dilution_Factor,Topped_off,Additional_Notes,Corrected_Pro,Corrected_Chit,RespRate
AA49,pitcher_Day 0 (6.25),Start,7.2,no,x25 cycles 1-10 dilution,None,True Sample,1_1,6_25,0,Start,12_17,Addition,1,2,2,0,0,4,0,2,0,6,0,1,N,NA,43.63705275,2.414209041,NA
AA7,pitcher_Day 0 (6.25),Start,4.31,no,undiluted,None,True Sample,1_2,6_25,0,Start,12_14,Variable,1,0,0,0,0,0,0,0,0,0,0,1,N,NA,21.48009011,1.956440809,NA
AA5,pitcher_Day 0 (6.25),Start,18,no,x25 cycles 1-10 dilution,None,True Sample,1_3,6_25,0,Start,12_14,Removal,1,0,1,0,0,1,0,0,0,1,0,1,N,NA,124.8805824,22.67944131,NA
AA57,pitcher_Day 0 (6.25),Start,1.07,yes,x25 cycles 1-10 dilution,None,True Sample,10_1,6_25,0,Start,12_17,Addition,10,2,1,0,0,3,0,1,0,4,0,1,N,NA,5.165474725,0.606283467,NA
AA34,pitcher_Day 0 (6.25),Start,10,no,x25 cycles 1-10 dilution,None,True Sample,10_2,6_25,0,Start,12_16,Removal,10,0,0,0,0,0,0,0,0,0,0,1,N,NA,13.63119048,2.354355395,NA
AA42,pitcher_Day 0 (6.25),Start,6.3,no,x25 cycles 1-10 dilution,None,True Sample,12_1,6_25,0,Start,12_16,Variable,12,0,1,0,0,1,0,0,0,1,0,1,N,NA,53.88786593,6.345869381,NA
AA28,pitcher_Day 0 (6.25),Start,4.42,no,x25 cycles 1-10 dilution,None,True Sample,12_2,6_25,0,Start,12_14,Addition,12,0,2,0,0,2,0,2,0,4,0,1,N,NA,20.1831685,4.269822927,NA
AA41,pitcher_Day 0 (6.25),Start,14,no,x25 cycles 1-10 dilution,None,True Sample,13_1,6_25,0,Start,12_16,Addition,13,3,0,0,0,3,0,0,0,3,0,1,N,NA,103.2858337,1.420292957,NA
AA30,pitcher_Day 0 (6.25),Start,5.9,no,x25 cycles 1-10 dilution,None,True Sample,14_1,6_25,0,Start,12_14,NA,14,0,0,0,0,0,0,0,0,0,0,1,N,no prey or resident inverts,54.84198755,4.867404346,NA
AA31,pitcher_Day 0 (6.25),Start,6.9,no,x25 cycles 1-10 dilution,None,True Sample,14_2,6_25,0,Start,12_14,Removal,14A,0,0,0,0,0,0,0,0,0,0,1,N,no prey or resident inverts,17.60078315,2.841877872,NA
AA24,pitcher_Day 0 (6.25),Start,8.2,no,x25 cycles 1-10 dilution,None,True Sample,14_3,6_25,0,Start,12_14,Variable,14A,0,0,0,0,0,0,0,0,0,0,1,N,no prey or resident inverts,19.33331941,1.737627622,NA
AA11,pitcher_Day 0 (6.25),Start,3.44,no,x25 cycles 1-10 dilution,None,True Sample,14_4,6_25,0,Start,12_14,Removal,14B,0,0,0,0,0,0,0,0,0,0,1,N,no prey or resident inverts,35.49572967,6.859316434,NA
AA15,pitcher_Day 0 (6.25),Start,7.9,no,x25 cycles 1-10 dilution,None,True Sample,16_1,6_25,0,Start,12_14,Removal,16,0,0,0,0,0,0,0,0,0,0,1,N,no prey or resident inverts,12.66315824,2.085328422,NA
AA26,pitcher_Day 0 (6.25),Start,3.38,no,x25 cycles 1-10 dilution,None,True Sample,16_2,6_25,0,Start,12_14,Removal,16B,0,0,0,0,0,0,0,0,0,0,1,N,no prey or resident inverts,11.50205788,1.136644605,NA
AA8,pitcher_Day 0 (6.25),Start,3.53,no,x25 cycles 1-10 dilution,None,True Sample,16_3,6_25,0,Start,12_14,Removal,16C,0,0,0,0,0,0,0,0,0,0,1,N,no prey or resident inverts,24.20321685,1.38656019,NA
AA32,pitcher_Day 0 (6.25),Start,8.3,no,x25 cycles 1-10 dilution,None,True Sample,16_4,6_25,0,Start,12_14,Variable,16A,0,0,0,0,0,0,0,0,0,0,1,N,no prey or resident inverts,41.80672747,6.522472777,NA
AA29,pitcher_Day 0 (6.25),Start,3.58,no,undiluted,None,True Sample,17_1,6_25,0,Start,12_14,Removal,17,0,0,0,0,0,0,0,0,0,0,1,N,midges,31.34290623,7.564113636,NA
AA39,pitcher_Day 0 (6.25),Start,3.86,no,x25 cycles 1-10 dilution,None,True Sample,17_2,6_25,0,Start,12_16,Removal,17,0,0,0,0,0,0,0,0,0,0,1,N,large spider prey,23.53532088,5.597093157,NA
AA9,pitcher_Day 0 (6.25),Start,2.05,no,x25 cycles 1-10 dilution,None,True Sample,18_1,6_25,0,Start,12_14,Variable,18,0,1,0,0,1,0,0,0,1,0,1,N,NA,5.690664469,0.817925824,NA
AA12,pitcher_Day 0 (6.25),Start,1.68,yes,x25 cycles 1-10 dilution,chloroform cleaned,True Sample,18_2,6_25,0,Start,12_14,Variable,18,0,0,0,0,0,0,0,0,0,0,1,N,NA,23.4768315,4.759388362,NA
AA25,pitcher_Day 0 (6.25),Start,3.33,no,undiluted,None,True Sample,19_1,6_25,0,Start,12_14,Addition,19,0,1,0,0,1,0,3,0,4,0,1,N,NA,6.97929304,26.42211446,NA
AA47,pitcher_Day 0 (6.25),Start,18,no,x25 cycles 1-10 dilution,None,True Sample,19_2,6_25,0,Start,12_16,Removal,19,0,0,0,0,0,0,0,0,0,0,1,N,NA,48.08778388,5.775437313,NA
AA3,pitcher_Day 0 (6.25),Start,3.17,no,x25 cycles 1-10 dilution,None,True Sample,2_1,6_25,0,Start,12_14,Variable,2,0,0,0,0,0,0,0,0,0,0,1,N,midges,31.22627473,10.00313262,NA
AA22,pitcher_Day 0 (6.25),Start,34,no,x25 cycles 1-10 dilution,None,True Sample,2_2,6_25,0,Start,12_14,Addition,2,2,0,0,0,2,0,2,0,4,0,1,N,midges,29.46284908,2.174025225,NA
AA4,pitcher_Day 0 (6.25),Start,2.29,no,undiluted,None,True Sample,2_3,6_25,0,Start,12_14,Variable,2,0,0,0,0,0,0,0,0,0,0,1,N,midges,16.30046667,1.091395854,NA
AA16,pitcher_Day 0 (6.25),Start,17,no,x25 cycles 1-10 dilution,None,True Sample,20_1,6_25,0,Start,12_14,Addition,20,4,0,0,0,4,0,1,0,5,0,1,N,NA,49.29428645,0.751016234,NA
AA23,pitcher_Day 0 (6.25),Start,3.47,no,undiluted,None,True Sample,21_1,6_25,0,Start,12_14,Addition,21,4,0,0,0,4,0,0,0,4,0,1,N,NA,23.23829231,1.530737512,NA
AA37,pitcher_Day 0 (6.25),Start,1.17,yes,undiluted,None,True Sample,21_2,6_25,0,Start,12_16,Removal,21,1,0,0,0,1,0,0,0,1,0,1,Y,low volume,8.516954579,4.827079171,NA
AA19,pitcher_Day 0 (6.25),Start,9.5,no,x25 cycles 1-10 dilution,None,True Sample,22_1,6_25,0,Start,12_14,Variable,22,0,0,0,0,0,0,3,0,3,0,1,N,NA,39.20509963,4.918387363,NA
AA46,pitcher_Day 0 (6.25),Start,5.5,no,x25 cycles 1-10 dilution,None,True Sample,22_2,6_25,0,Start,12_16,Addition,22A,5,0,0,0,5,0,0,0,5,0,1,N,NA,14.88890037,2.479967283,NA
AA55,pitcher_Day 0 (6.25),Start,6.2,no,x25 cycles 1-10 dilution,None,True Sample,23_1,6_25,0,Start,12_17,Variable,23,0,0,0,0,0,0,0,0,0,0,1,N,NA,128.3002791,1.904915335,NA
AA48,pitcher_Day 0 (6.25),Start,13,no,x25 cycles 1-10 dilution,None,True Sample,24_1,6_25,0,Start,12_16,Removal,24,0,0,0,0,0,0,0,0,0,0,1,N,NA,25.46201392,1.385485265,NA
AA2,pitcher_Day 0 (6.25),Start,3.94,no,x25 cycles 1-10 dilution,None,True Sample,25_1,6_25,0,Start,12_14,Variable,25,0,0,0,0,0,0,0,0,0,0,1,N,NA,45.95512308,32.69279695,NA
AA38,pitcher_Day 0 (6.25),Start,11,no,x25 cycles 1-10 dilution,None,True Sample,25_2,6_25,0,Start,12_16,Removal,25,0,0,0,0,0,0,0,0,0,0,1,Y,NA,8.389738462,0.942527223,NA
AA43,pitcher_Day 0 (6.25),Start,20,no,x25 cycles 1-10 dilution,None,True Sample,25_3,6_25,0,Start,12_16,Addition,25A,2,2,0,0,4,0,1,0,5,0,1,N,NA,106.4583744,5.762173077,NA
AA58,pitcher_Day 0 (6.25),Start,26,no,x25 cycles 1-10 dilution,None,True Sample,26_1,6_25,0,Start,12_17,Addition,26,2,3,0,0,5,0,0,0,5,0,1,N,NA,23.73183077,2.804677073,NA
AA54,pitcher_Day 0 (6.25),Start,31,no,x25 cycles 1-10 dilution,None,True Sample,27_1,6_25,0,Start,12_17,Removal,27,0,0,0,0,0,0,0,0,0,0,1,N,NA,149.5358205,11.85912812,NA
AA14,pitcher_Day 0 (6.25),Start,5.4,no,x25 cycles 1-10 dilution,None,True Sample,27_2,6_25,0,Start,12_14,Addition,27,3,0,0,0,3,0,1,0,4,0,1,N,NA,30.41769744,1.750046703,NA
AA52,pitcher_Day 0 (6.25),Start,4.29,no,x25 cycles 1-10 dilution,None,True Sample,27_3,6_25,0,Start,12_17,Addition,27,3,0,0,0,3,0,0,0,3,0,1,N,NA,14.17137802,2.420731518,NA
AA50,pitcher_Day 0 (6.25),Start,8.8,no,x25 cycles 1-10 dilution,None,True Sample,27_4,6_25,0,Start,12_17,Variable,27A,0,0,0,0,0,0,0,0,0,0,1,N,NA,38.44128132,2.942329421,NA
AA51,pitcher_Day 0 (6.25),Start,10,no,x25 cycles 1-10 dilution,None,True Sample,28_1,6_25,0,Start,12_17,Variable,28,0,0,0,0,0,0,0,0,0,0,1,N,NA,23.38136484,0.825874875,NA
AA18,pitcher_Day 0 (6.25),Start,23,no,x25 cycles 1-10 dilution,None,True Sample,29_1,6_25,0,Start,12_14,Addition,29,4,0,0,0,4,0,0,0,4,0,1,N,NA,108.1609048,4.248593157,NA
AA53,pitcher_Day 0 (6.25),Start,11,no,x25 cycles 1-10 dilution,None,True Sample,29_2,6_25,0,Start,12_17,Addition,29,2,0,0,0,2,0,0,0,2,0,1,N,NA,16.59788645,10.66427847,NA
AA33,pitcher_Day 0 (6.25),Start,7.8,no,x25 cycles 1-10 dilution,None,True Sample,3_1,6_25,0,Start,12_16,Variable,3,0,1,0,0,1,0,0,0,1,0,1,N,NA,38.29784542,3.976967283,NA
AA40,pitcher_Day 0 (6.25),Start,10,no,x25 cycles 1-10 dilution,None,True Sample,3_2,6_25,0,Start,12_16,Removal,3,1,0,0,0,1,0,0,0,1,0,1,N,NA,50.1920022,26.79525899,NA
AA10,pitcher_Day 0 (6.25),Start,5.7,no,x25 cycles 1-10 dilution,None,True Sample,3_3,6_25,0,Start,12_14,Addition,3,2,1,0,0,3,0,1,0,4,0,1,N,NA,14.82060586,1.917657592,NA
AA20,pitcher_Day 0 (6.25),Start,6,no,x25 cycles 1-10 dilution,None,True Sample,4_2,6_25,0,Start,12_14,Addition,4,1,2,0,0,3,0,1,0,4,0,1,N,NA,87.65964029,1.632095654,NA
AA13,pitcher_Day 0 (6.25),Start,3.1,no,x25 cycles 1-10 dilution,None,True Sample,4_3,6_25,0,Start,12_14,NA,4A,1,2,0,0,3,0,0,0,3,0,1,N,NA,10.6011685,0.424044206,NA
AA35,pitcher_Day 0 (6.25),Start,7.7,no,x25 cycles 1-10 dilution,None,True Sample,6_1,6_25,0,Start,12_16,Variable,5,0,0,0,0,0,0,0,0,0,0,1,N,NA,11.56555678,2.227909341,NA
AA44,pitcher_Day 0 (6.25),Start,3.15,no,x25 cycles 1-10 dilution,chlorofrom cleaned,True Sample,6_2,6_25,0,Start,12_16,Removal,5,0,0,0,0,0,0,0,0,0,0,1,N,NA,22.76662344,2.756463287,NA
AA45,pitcher_Day 0 (6.25),Start,26,no,x25 cycles 1-10 dilution,None,True Sample,8_1,6_25,0,Start,12_16,Removal,8,0,0,0,0,0,0,0,0,0,0,1,N,NA,32.3670967,5.22333991,NA
AA27,pitcher_Day 0 (6.25),Start,6,no,x25 cycles 1-10 dilution,None,True Sample,8_2,6_25,0,Start,12_14,Removal,8,1,0,0,0,1,0,0,0,1,0,1,N,NA,30.86711868,2.214790959,NA
AA6,pitcher_Day 0 (6.25),Start,10,no,x25 cycles 1-10 dilution,None,True Sample,8_3,6_25,0,Start,12_14,Addition,8B,2,0,0,0,2,0,2,0,4,0,1,N,NA,39.4890381,3.073454795,NA
AA36,pitcher_Day 0 (6.25),Start,8.2,no,x25 cycles 1-10 dilution,None,True Sample,8_4,6_25,0,Start,12_16,Variable,8A,0,0,0,0,0,0,0,0,0,0,1,Y,low volume ,113.1290176,9.696276474,NA
AA21,pitcher_Day 0 (6.25),Start,9.4,no,x25 cycles 1-10 dilution,None,True Sample,8_5,6_25,0,Start,12_14,Variable,8A,0,1,0,0,1,0,0,0,1,0,1,N,NA,50.55663223,6.013872378,NA
AA17,pitcher_Day 0 (6.25),Start,29,no,x25 cycles 1-10 dilution,None,True Sample,9_1,6_25,0,Start,12_14,Removal,9,0,0,0,0,0,0,0,0,0,0,1,N,flesh fly larvae present,26.74765055,1.377268482,NA
AA56,pitcher_Day 0 (6.25),Start,4.82,no,x25 cycles 1-10 dilution,None,True Sample,9_2,6_25,0,Start,12_17,Addition,9,1,0,0,0,1,0,3,0,4,0,1,N,NA,8.044520879,0.907867383,NA
AA59,pitcher_Day 0 (6.25),Start,5.7,no,x25 cycles 1-10 dilution,None,True Sample,9_3,6_25,0,Start,12_17,Removal,9A,1,0,0,0,1,0,0,0,1,0,1,N,NA,10.35575458,0.586873876,NA
AA60,Drosophila,Drosophila,47,no,x25 cycles 1-10 dilution,None,True Sample,Drosophila,6_25,0,Start,12_17,NA,NA,NA,NA,NA,NA,NA,NA,NA,NA,NA,NA,NA,NA,NA,NA,NA,NA
AA1,starting egg water,starting egg water,2.88,no,x25 cycles 1-10 dilution,None,True Sample,egg water,6_25,0,Start,12_14,NA,NA,NA,NA,NA,NA,NA,NA,NA,NA,NA,NA,NA,NA,NA,NA,NA,NA
AA61,starting egg water,starting egg water,2.11,no,undiluted,None,True Sample,egg water,6_25,0,Start,12_17,NA,NA,NA,NA,NA,NA,NA,NA,NA,NA,NA,NA,NA,NA,NA,NA,NA,NA
NA_1,NA,NA,NA,NA,NA,NA,NA,1_1,6_28,3,NA,NA,Addition,1,4,2,0,0,6,0,4,0,10,0,1,N,NA,NA,NA,NA
NA_2,NA,NA,NA,NA,NA,NA,NA,1_2,6_28,3,NA,NA,Variable,1,0,0,0,0,0,0,0,0,0,0,1,N,NA,NA,NA,NA
NA_3,NA,NA,NA,NA,NA,NA,NA,1_3,6_28,3,NA,NA,Removal,1,0,1,0,0,1,0,0,0,1,0,1,N,NA,NA,NA,NA
NA_4,NA,NA,NA,NA,NA,NA,NA,10_1,6_28,3,NA,NA,Addition,10,2,1,0,0,3,0,6,0,9,0,1,N,NA,NA,NA,NA
NA_5,NA,NA,NA,NA,NA,NA,NA,10_2,6_28,3,NA,NA,Removal,10,0,0,0,0,0,0,0,0,0,0,1,N,NA,NA,NA,NA
NA_6,NA,NA,NA,NA,NA,NA,NA,12_1,6_28,3,NA,NA,Variable,12,0,1,0,0,1,0,0,0,1,0,1,N,NA,NA,NA,NA
NA_7,NA,NA,NA,NA,NA,NA,NA,12_2,6_28,3,NA,NA,Addition,12,2,2,0,0,4,0,6,0,10,0,1,N,NA,NA,NA,NA
NA_8,NA,NA,NA,NA,NA,NA,NA,13_1,6_28,3,NA,NA,Addition,13,3,0,0,0,3,0,7,0,10,0,1,N,NA,NA,NA,NA
NA_9,NA,NA,NA,NA,NA,NA,NA,14_1,6_28,3,NA,NA,NA,14,0,0,0,0,0,0,0,0,0,0,1,Y,NA,NA,NA,NA
NA_10,NA,NA,NA,NA,NA,NA,NA,14_2,6_28,3,NA,NA,Removal,14A,0,0,0,0,0,0,0,0,0,0,1,N,NA,NA,NA,NA
NA_11,NA,NA,NA,NA,NA,NA,NA,14_3,6_28,3,NA,NA,Variable,14A,0,0,0,0,0,0,0,0,0,0,1,Y,NA,NA,NA,NA
NA_12,NA,NA,NA,NA,NA,NA,NA,14_4,6_28,3,NA,NA,Removal,14B,0,0,0,0,0,0,0,0,0,0,1,N,NA,NA,NA,NA
NA_13,NA,NA,NA,NA,NA,NA,NA,16_1,6_28,3,NA,NA,Removal,16,0,0,0,0,0,0,0,0,0,0,1,N,NA,NA,NA,NA
NA_14,NA,NA,NA,NA,NA,NA,NA,16_2,6_28,3,NA,NA,Removal,16B,0,0,0,0,0,0,0,0,0,0,1,N,NA,NA,NA,NA
NA_15,NA,NA,NA,NA,NA,NA,NA,16_3,6_28,3,NA,NA,Removal,16C,0,0,0,0,0,0,0,0,0,0,1,N,NA,NA,NA,NA
NA_16,NA,NA,NA,NA,NA,NA,NA,16_4,6_28,3,NA,NA,Variable,16A,0,0,0,0,0,0,0,0,0,0,1,N,NA,NA,NA,NA
NA_17,NA,NA,NA,NA,NA,NA,NA,17_1,6_28,3,NA,NA,Removal,17,0,0,0,0,0,0,0,0,0,0,1,Y,NA,NA,NA,NA
NA_18,NA,NA,NA,NA,NA,NA,NA,17_2,6_28,3,NA,NA,Removal,17,0,0,0,0,0,0,0,0,0,0,1,N,NA,NA,NA,NA
NA_19,NA,NA,NA,NA,NA,NA,NA,18_1,6_28,3,NA,NA,Variable,18,0,1,0,0,1,0,0,0,1,0,1,Y,NA,NA,NA,NA
NA_20,NA,NA,NA,NA,NA,NA,NA,18_2,6_28,3,NA,NA,Variable,18,0,0,0,0,0,0,0,0,0,0,1,Y,NA,NA,NA,NA
NA_21,NA,NA,NA,NA,NA,NA,NA,19_1,6_28,3,NA,NA,Addition,19,3,1,0,0,4,0,6,0,10,0,1,N,NA,NA,NA,NA
NA_22,NA,NA,NA,NA,NA,NA,NA,19_2,6_28,3,NA,NA,Removal,19,0,0,0,0,0,0,0,0,0,0,1,N,NA,NA,NA,NA
NA_23,NA,NA,NA,NA,NA,NA,NA,2_1,6_28,3,NA,NA,Variable,2,0,0,0,0,0,0,0,0,0,0,1,Y,NA,NA,NA,NA
NA_24,NA,NA,NA,NA,NA,NA,NA,2_2,6_28,3,NA,NA,Addition,2,4,0,0,0,4,0,6,0,10,0,1,N,NA,NA,NA,NA
NA_25,NA,NA,NA,NA,NA,NA,NA,2_3,6_28,3,NA,NA,Variable,2,0,0,0,0,0,0,0,0,0,0,1,N,NA,NA,NA,NA
NA_26,NA,NA,NA,NA,NA,NA,NA,20_1,6_28,3,NA,NA,Addition,20,5,0,0,0,5,0,5,0,10,0,1,N,NA,NA,NA,NA
NA_27,NA,NA,NA,NA,NA,NA,NA,21_1,6_28,3,NA,NA,Addition,21,4,0,0,0,4,0,6,0,10,0,1,N,NA,NA,NA,NA
NA_28,NA,NA,NA,NA,NA,NA,NA,21_2,6_28,3,NA,NA,Removal,21,1,0,0,0,1,0,0,0,1,0,1,N,NA,NA,NA,NA
NA_29,NA,NA,NA,NA,NA,NA,NA,22_1,6_28,3,NA,NA,Variable,22,3,0,0,0,3,0,0,0,3,0,1,N,NA,NA,NA,NA
NA_30,NA,NA,NA,NA,NA,NA,NA,22_2,6_28,3,NA,NA,Addition,22A,5,0,0,0,5,0,5,0,10,0,1,N,NA,NA,NA,NA
NA_31,NA,NA,NA,NA,NA,NA,NA,23_1,6_28,3,NA,NA,Variable,23,0,0,0,0,0,0,0,0,0,0,1,N,NA,NA,NA,NA
NA_32,NA,NA,NA,NA,NA,NA,NA,24_1,6_28,3,NA,NA,Removal,24,0,0,0,0,0,0,0,0,0,0,1,N,NA,NA,NA,NA
NA_33,NA,NA,NA,NA,NA,NA,NA,25_1,6_28,3,NA,NA,Variable,25,0,0,0,0,0,0,0,0,0,0,1,N,NA,NA,NA,NA
NA_34,NA,NA,NA,NA,NA,NA,NA,25_2,6_28,3,NA,NA,Removal,25,0,0,0,0,0,0,0,0,0,0,1,N,NA,NA,NA,NA
NA_35,NA,NA,NA,NA,NA,NA,NA,25_3,6_28,3,NA,NA,Addition,25A,3,2,0,0,5,0,5,0,10,0,1,N,NA,NA,NA,NA
NA_36,NA,NA,NA,NA,NA,NA,NA,26_1,6_28,3,NA,NA,Addition,26,2,3,0,0,5,0,5,0,10,0,1,N,NA,NA,NA,NA
NA_37,NA,NA,NA,NA,NA,NA,NA,27_1,6_28,3,NA,NA,Removal,27,0,0,0,0,0,0,0,0,0,0,1,N,NA,NA,NA,NA
NA_38,NA,NA,NA,NA,NA,NA,NA,27_2,6_28,3,NA,NA,Addition,27,4,0,0,0,4,0,6,0,10,0,1,N,NA,NA,NA,NA
NA_39,NA,NA,NA,NA,NA,NA,NA,27_3,6_28,3,NA,NA,Addition,27,3,0,0,0,3,0,7,0,10,0,1,N,NA,NA,NA,NA
NA_40,NA,NA,NA,NA,NA,NA,NA,27_4,6_28,3,NA,NA,Variable,27A,0,0,0,0,0,0,0,0,0,0,1,N,NA,NA,NA,NA
NA_41,NA,NA,NA,NA,NA,NA,NA,28_1,6_28,3,NA,NA,Variable,28,0,0,0,0,0,0,0,0,0,0,1,N,NA,NA,NA,NA
NA_42,NA,NA,NA,NA,NA,NA,NA,29_1,6_28,3,NA,NA,Addition,29,4,0,0,0,4,0,6,0,10,0,1,N,NA,NA,NA,NA
NA_43,NA,NA,NA,NA,NA,NA,NA,29_2,6_28,3,NA,NA,Addition,29,2,0,0,0,2,0,8,0,10,0,1,N,NA,NA,NA,NA
NA_44,NA,NA,NA,NA,NA,NA,NA,3_1,6_28,3,NA,NA,Variable,3,0,1,0,0,1,0,0,0,1,0,1,N,NA,NA,NA,NA
NA_45,NA,NA,NA,NA,NA,NA,NA,3_2,6_28,3,NA,NA,Removal,3,1,0,0,0,1,0,0,0,1,0,1,N,NA,NA,NA,NA
NA_46,NA,NA,NA,NA,NA,NA,NA,3_3,6_28,3,NA,NA,Addition,3,3,1,0,0,4,0,6,0,10,0,1,N,NA,NA,NA,NA
NA_47,NA,NA,NA,NA,NA,NA,NA,4_2,6_28,3,NA,NA,Addition,4,2,2,0,0,4,0,6,0,10,0,1,N,NA,NA,NA,NA
NA_48,NA,NA,NA,NA,NA,NA,NA,4_3,6_28,3,NA,NA,NA,4A,1,2,0,0,3,0,8,0,11,0,1,N,NA,NA,NA,NA
NA_49,NA,NA,NA,NA,NA,NA,NA,6_1,6_28,3,NA,NA,Variable,5,0,0,0,0,0,0,0,0,0,0,1,N,NA,NA,NA,NA
NA_50,NA,NA,NA,NA,NA,NA,NA,6_2,6_28,3,NA,NA,Removal,5,0,0,0,0,0,0,0,0,0,0,1,Y,NA,NA,NA,NA
NA_51,NA,NA,NA,NA,NA,NA,NA,8_1,6_28,3,NA,NA,Removal,8,0,0,0,0,0,0,0,0,0,0,1,Y,NA,NA,NA,NA
NA_52,NA,NA,NA,NA,NA,NA,NA,8_2,6_28,3,NA,NA,Removal,8,1,0,0,0,1,0,0,0,1,0,1,N,NA,NA,NA,NA
NA_53,NA,NA,NA,NA,NA,NA,NA,8_3,6_28,3,NA,NA,Addition,8B,4,0,0,0,4,0,6,0,10,0,1,N,NA,NA,NA,NA
NA_54,NA,NA,NA,NA,NA,NA,NA,8_4,6_28,3,NA,NA,Variable,8A,0,0,0,0,0,0,0,0,0,0,1,Y,NA,NA,NA,NA
NA_55,NA,NA,NA,NA,NA,NA,NA,8_5,6_28,3,NA,NA,Variable,8A,0,1,0,0,1,0,0,0,1,0,1,Y,NA,NA,NA,NA
NA_56,NA,NA,NA,NA,NA,NA,NA,9_1,6_28,3,NA,NA,Removal,9,0,0,0,0,0,0,0,0,0,0,1,N,NA,NA,NA,NA
NA_57,NA,NA,NA,NA,NA,NA,NA,9_2,6_28,3,NA,NA,Addition,9,4,0,0,0,4,0,6,0,10,0,1,N,NA,NA,NA,NA
NA_58,NA,NA,NA,NA,NA,NA,NA,9_3,6_28,3,NA,NA,Removal,9A,1,0,0,0,1,0,0,0,1,0,1,N,NA,NA,NA,NA
NA_59,NA,NA,NA,NA,NA,NA,NA,1_1,7_6,11,NA,NA,Addition,1,1,0,1,1,3,0,7,0,10,0,1,N,NA,35.71816521,10.26287556,NA
NA_60,NA,NA,NA,NA,NA,NA,NA,1_2,7_6,11,NA,NA,Variable,1,4,0,0,0,4,0,0,0,4,0,1,Y,NA,34.67160061,3.937421486,NA
NA_61,NA,NA,NA,NA,NA,NA,NA,1_3,7_6,11,NA,NA,Removal,1,0,0,0,0,0,0,0,0,0,10,0.333333333,N,NA,51.91230693,11.15192578,NA
NA_62,NA,NA,NA,NA,NA,NA,NA,10_1,7_6,11,NA,NA,Addition,10,0,1,1,1,3,0,7,0,10,0,1,Y,NA,3.000112922,0.258495967,NA
NA_63,NA,NA,NA,NA,NA,NA,NA,10_2,7_6,11,NA,NA,Removal,10,0,0,0,0,0,0,0,0,0,10,0.333333333,N,NA,10.40414778,1.220307452,NA
NA_64,NA,NA,NA,NA,NA,NA,NA,12_1,7_6,11,NA,NA,Variable,12,3,0,0,1,4,0,0,0,4,0,1,Y,NA,6.639676393,1.148557017,NA
NA_65,NA,NA,NA,NA,NA,NA,NA,12_2,7_6,11,NA,NA,Addition,12,0,2,1,3,6,0,4,0,10,0,1,N,NA,13.39451838,1.690819672,NA
NA_66,NA,NA,NA,NA,NA,NA,NA,13_1,7_6,11,NA,NA,Addition,13,0,4,0,1,5,0,5,0,10,0,1,N,NA,3.633343691,0.642634961,NA
NA_67,NA,NA,NA,NA,NA,NA,NA,14_1,7_6,11,NA,NA,NA,14,NA,NA,NA,NA,NA,NA,NA,NA,NA,NA,NA,NA,NA,NA,NA,NA
NA_68,NA,NA,NA,NA,NA,NA,NA,14_2,7_6,11,NA,NA,Removal,14A,0,1,0,0,1,0,0,1,0,0,1,Y,NA,24.9153884,3.113761685,NA
NA_69,NA,NA,NA,NA,NA,NA,NA,14_3,7_6,11,NA,NA,Variable,14A,0,0,3,0,3,0,0,0,3,0,1,Y,NA,14.15093975,0.802340719,NA
NA_70,NA,NA,NA,NA,NA,NA,NA,14_4,7_6,11,NA,NA,Removal,14B,0,0,0,0,0,0,0,0,0,0,1,Y,NA,1.994057598,0.004335955,NA
NA_71,NA,NA,NA,NA,NA,NA,NA,16_1,7_6,11,NA,NA,Removal,16,0,0,0,1,1,0,0,1,0,0,1,Y,NA,281.8939409,3.213214836,NA
NA_72,NA,NA,NA,NA,NA,NA,NA,16_2,7_6,11,NA,NA,Removal,16B,0,0,0,0,0,0,0,0,0,0,1,Y,NA,11.67504737,2.099895915,NA
NA_73,NA,NA,NA,NA,NA,NA,NA,16_3,7_6,11,NA,NA,Removal,16C,0,0,0,0,0,0,0,0,0,10,0.333333333,N,NA,36.51345131,5.967766769,NA
NA_74,NA,NA,NA,NA,NA,NA,NA,16_4,7_6,11,NA,NA,Variable,16A,0,0,0,2,2,0,0,0,2,0,1,Y,NA,24.98506631,1.65969535,NA
NA_75,NA,NA,NA,NA,NA,NA,NA,17_1,7_6,11,NA,NA,Removal,17,0,0,0,0,0,0,0,0,0,10,0.333333333,N,NA,9.128773778,1.117091215,NA
NA_76,NA,NA,NA,NA,NA,NA,NA,17_2,7_6,11,NA,NA,Removal,17,0,0,0,0,0,0,0,0,0,10,0.333333333,N,NA,42.36868283,1.899875098,NA
NA_77,NA,NA,NA,NA,NA,NA,NA,18_1,7_6,11,NA,NA,Variable,18,0,1,1,0,2,0,0,0,2,0,1,Y,NA,14.34283062,18.25686263,NA
NA_78,NA,NA,NA,NA,NA,NA,NA,18_2,7_6,11,NA,NA,Variable,18,0,1,1,0,2,0,0,0,2,0,1,Y,NA,9.713345207,3.024050922,NA
NA_79,NA,NA,NA,NA,NA,NA,NA,19_1,7_6,11,NA,NA,Addition,19,1,1,0,0,2,0,8,0,10,0,1,N,NA,3.37520197,0.896842211,NA
NA_80,NA,NA,NA,NA,NA,NA,NA,19_2,7_6,11,NA,NA,Removal,19,0,0,0,1,1,0,0,1,0,0,1,Y,NA,37.20236529,5.445820373,NA
NA_81,NA,NA,NA,NA,NA,NA,NA,2_1,7_6,11,NA,NA,Variable,2,1,0,1,0,2,0,0,0,2,0,1,N,NA,141.6955203,4.002637363,NA
NA_82,NA,NA,NA,NA,NA,NA,NA,2_2,7_6,11,NA,NA,Addition,2,0,0,0,3,3,0,7,0,10,0,1,N,NA,11.2840432,2.549547029,NA
NA_83,NA,NA,NA,NA,NA,NA,NA,2_3,7_6,11,NA,NA,Variable,2,0,0,0,4,4,0,0,0,4,0,1,Y,NA,33.7611997,6.931285654,NA
NA_84,NA,NA,NA,NA,NA,NA,NA,20_1,7_6,11,NA,NA,Addition,20,0,2,2,4,8,0,2,0,10,0,1,N,NA,3.651406593,1.456348206,NA
NA_85,NA,NA,NA,NA,NA,NA,NA,21_1,7_6,11,NA,NA,Addition,21,0,0,2,7,9,0,1,0,10,0,1,N,NA,1.224757105,1.32224424,NA
NA_86,NA,NA,NA,NA,NA,NA,NA,21_2,7_6,11,NA,NA,Removal,21,0,0,0,0,0,0,0,0,0,14,0.066666667,N,NA,14.5417014,3.724151804,NA
NA_87,NA,NA,NA,NA,NA,NA,NA,22_1,7_6,11,NA,NA,Variable,22,0,3,2,1,6,0,0,0,6,0,1,Y,NA,2.614133384,0.366861226,NA
NA_88,NA,NA,NA,NA,NA,NA,NA,22_2,7_6,11,NA,NA,Addition,22A,0,2,2,0,4,0,6,0,10,0,1,N,NA,79.86119212,0.747350828,NA
NA_89,NA,NA,NA,NA,NA,NA,NA,23_1,7_6,11,NA,NA,Variable,23,0,0,1,0,1,0,0,0,1,0,1,N,NA,10.81325881,3.213266479,NA
NA_90,NA,NA,NA,NA,NA,NA,NA,24_1,7_6,11,NA,NA,Removal,24,0,0,0,0,0,0,0,0,0,10,0.333333333,N,NA,33.33075483,4.816795773,NA
NA_91,NA,NA,NA,NA,NA,NA,NA,25_1,7_6,11,NA,NA,Variable,25,0,0,0,0,0,0,0,0,0,14,0.066666667,N,NA,40.79687382,4.487521768,NA
NA_92,NA,NA,NA,NA,NA,NA,NA,25_2,7_6,11,NA,NA,Removal,25,0,0,0,0,0,0,0,0,0,14,0.066666667,N,NA,130.9213073,54.97273764,NA
NA_93,NA,NA,NA,NA,NA,NA,NA,25_3,7_6,11,NA,NA,Addition,25A,0,2,1,2,5,0,5,0,10,0,1,Y,NA,2.576028041,0.409800436,NA
NA_94,NA,NA,NA,NA,NA,NA,NA,26_1,7_6,11,NA,NA,Addition,26,0,2,1,7,10,0,0,0,10,0,1,N,NA,7.039726412,2.643652195,NA
NA_95,NA,NA,NA,NA,NA,NA,NA,27_1,7_6,11,NA,NA,Removal,27,0,0,0,0,0,0,0,0,0,14,0.066666667,N,NA,79.03324365,14.18506575,NA
NA_96,NA,NA,NA,NA,NA,NA,NA,27_2,7_6,11,NA,NA,Addition,27,0,2,0,1,3,0,7,0,10,14,0.066666667,N,NA,76.33976885,17.51675374,NA
NA_97,NA,NA,NA,NA,NA,NA,NA,27_3,7_6,11,NA,NA,Addition,27,0,2,1,3,6,0,4,0,10,0,1,Y,NA,7.909078439,2.235971497,NA
NA_98,NA,NA,NA,NA,NA,NA,NA,27_4,7_6,11,NA,NA,Variable,27A,1,1,0,1,3,0,0,0,3,0,1,Y,NA,25.67859113,10.20762265,NA
NA_99,NA,NA,NA,NA,NA,NA,NA,28_1,7_6,11,NA,NA,Variable,28,0,1,2,0,3,0,0,0,3,0,1,Y,NA,31.12734445,2.768196321,NA
NA_100,NA,NA,NA,NA,NA,NA,NA,29_1,7_6,11,NA,NA,Addition,29,0,2,0,0,2,0,8,0,10,0,1,Y,NA,NA,2.728725555,NA
NA_101,NA,NA,NA,NA,NA,NA,NA,29_2,7_6,11,NA,NA,Addition,29,1,2,1,0,4,0,6,0,10,10,0.333333333,N,NA,71.88931489,5.368269981,NA
NA_102,NA,NA,NA,NA,NA,NA,NA,3_1,7_6,11,NA,NA,Variable,3,1,1,1,1,4,0,0,0,4,0,1,N,NA,277.5078401,4.806175064,NA
NA_103,NA,NA,NA,NA,NA,NA,NA,3_2,7_6,11,NA,NA,Removal,3,0,0,0,0,0,0,0,0,0,10,0.333333333,N,NA,16.56163471,16.15905723,NA
NA_104,NA,NA,NA,NA,NA,NA,NA,3_3,7_6,11,NA,NA,Addition,3,0,0,0,0,0,0,10,0,10,0,1,N,NA,55.12483895,1.409379691,NA
NA_105,NA,NA,NA,NA,NA,NA,NA,4_2,7_6,11,NA,NA,Addition,4,1,2,3,3,9,0,1,0,10,0,1,N,NA,1.250183403,4.427529774,NA
NA_106,NA,NA,NA,NA,NA,NA,NA,4_3,7_6,11,NA,NA,NA,4A,NA,NA,NA,NA,NA,NA,NA,NA,NA,NA,NA,NA,NA,NA,NA,NA
NA_107,NA,NA,NA,NA,NA,NA,NA,6_1,7_6,11,NA,NA,Variable,5,0,1,2,1,4,0,0,0,4,0,1,N,NA,18.31478818,2.96008487,NA
NA_108,NA,NA,NA,NA,NA,NA,NA,6_2,7_6,11,NA,NA,Removal,5,0,0,0,0,0,0,0,0,0,0,1,Y,NA,49.02940129,15.56481115,NA
NA_109,NA,NA,NA,NA,NA,NA,NA,8_1,7_6,11,NA,NA,Removal,8,0,0,0,0,0,0,0,0,0,10,0.333333333,N,NA,78.66578174,12.14327148,NA
NA_110,NA,NA,NA,NA,NA,NA,NA,8_2,7_6,11,NA,NA,Removal,8,0,0,0,0,0,0,0,0,0,14,0.066666667,N,NA,28.33415309,3.75651234,NA
NA_111,NA,NA,NA,NA,NA,NA,NA,8_3,7_6,11,NA,NA,Addition,8B,0,1,2,2,5,0,5,0,10,0,1,N,NA,5.227036756,6.334971877,NA
NA_112,NA,NA,NA,NA,NA,NA,NA,8_4,7_6,11,NA,NA,Variable,8A,1,0,0,1,2,0,0,0,2,0,1,N,NA,7.446857901,15.74174583,NA
NA_113,NA,NA,NA,NA,NA,NA,NA,8_5,7_6,11,NA,NA,Variable,8A,3,1,1,1,6,0,0,0,6,0,1,N,NA,13.5537014,3.308909706,NA
NA_114,NA,NA,NA,NA,NA,NA,NA,9_1,7_6,11,NA,NA,Removal,9,0,0,0,0,0,0,0,0,0,14,0.066666667,N,NA,19.71638878,10.71827899,NA
NA_115,NA,NA,NA,NA,NA,NA,NA,9_2,7_6,11,NA,NA,Addition,9,3,1,1,1,6,0,4,0,10,0,1,Y,NA,12.63323456,2.986901259,NA
NA_116,NA,NA,NA,NA,NA,NA,NA,9_3,7_6,11,NA,NA,Removal,9A,0,0,0,0,0,0,0,0,0,0,1,Y,NA,20.40803259,3.0897564,NA
NA_117,NA,NA,NA,NA,NA,NA,NA,1_1,7_16,21,NA,NA,Addition,1,0,2,1,4,7,0,3,0,10,0,1,N,NA,4.256669963,0.852053834,NA
NA_118,NA,NA,NA,NA,NA,NA,NA,1_2,7_16,21,NA,NA,Variable,1,0,1,4,2,7,0,0,0,7,0,1,N,NA,15.11702454,1.443493596,NA
NA_119,NA,NA,NA,NA,NA,NA,NA,1_3,7_16,21,NA,NA,Removal,1,1,0,0,0,1,0,0,1,0,0,1,N,NA,4.637034799,1.419980983,NA
NA_120,NA,NA,NA,NA,NA,NA,NA,10_1,7_16,21,NA,NA,Addition,10,0,3,1,1,5,0,5,0,10,0,1,N,NA,3.804577656,0.373295991,NA
NA_121,NA,NA,NA,NA,NA,NA,NA,10_2,7_16,21,NA,NA,Removal,10,1,0,0,0,1,0,0,1,0,0,1,N,NA,11.32256593,0.514102711,NA
NA_122,NA,NA,NA,NA,NA,NA,NA,12_1,7_16,21,NA,NA,Variable,12,3,5,0,1,9,1,0,0,9,0,1,N,NA,4.353383516,0.812121953,NA
NA_123,NA,NA,NA,NA,NA,NA,NA,12_2,7_16,21,NA,NA,Addition,12,0,4,3,0,7,0,3,0,10,0,1,N,NA,8.194404762,1.120690321,NA
NA_124,NA,NA,NA,NA,NA,NA,NA,13_1,7_16,21,NA,NA,Addition,13,2,3,0,5,10,1,0,0,10,0,1,N,NA,12.91153297,0.902182172,NA
NA_125,NA,NA,NA,NA,NA,NA,NA,14_2,7_16,21,NA,NA,Removal,14A,0,0,0,0,0,0,0,0,0,0,1,N,NA,8.767795238,1.163225985,NA
NA_126,NA,NA,NA,NA,NA,NA,NA,14_3,7_16,21,NA,NA,Variable,14A,2,0,0,0,2,0,0,0,2,0,1,N,NA,5.768057509,1.114562028,NA
NA_127,NA,NA,NA,NA,NA,NA,NA,14_4,7_16,21,NA,NA,Removal,14B,0,0,0,0,0,0,0,0,0,0,1,Y,NA,2.58337326,0.892040217,NA
NA_128,NA,NA,NA,NA,NA,NA,NA,16_1,7_16,21,NA,NA,Removal,16,0,0,0,0,0,0,0,0,0,0,1,N,NA,5.978116117,0.708092227,NA
NA_129,NA,NA,NA,NA,NA,NA,NA,16_2,7_16,21,NA,NA,Removal,16B,0,0,0,0,0,0,0,0,0,0,1,N,NA,1.952913187,6.418671277,NA
NA_130,NA,NA,NA,NA,NA,NA,NA,16_3,7_16,21,NA,NA,Removal,16C,0,0,0,0,0,1,0,0,0,0,1,N,NA,12.04451905,29.92564973,NA
NA_131,NA,NA,NA,NA,NA,NA,NA,16_4,7_16,21,NA,NA,Variable,16A,0,0,0,0,0,1,0,0,0,0,1,N,NA,5.537307326,0.963196179,NA
NA_132,NA,NA,NA,NA,NA,NA,NA,17_1,7_16,21,NA,NA,Removal,17,0,1,0,0,1,0,0,1,0,0,1,Y,NA,9.754461905,0.76135595,NA
NA_133,NA,NA,NA,NA,NA,NA,NA,17_2,7_16,21,NA,NA,Removal,17,0,0,0,0,0,0,0,0,0,0,1,Y,NA,23.7371315,0.601992339,NA
NA_134,NA,NA,NA,NA,NA,NA,NA,18_1,7_16,21,NA,NA,Variable,18,0,0,0,4,4,0,0,0,4,0,1,N,NA,3.583445055,2.201062286,NA
NA_135,NA,NA,NA,NA,NA,NA,NA,18_2,7_16,21,NA,NA,Variable,18,2,1,0,1,4,0,0,0,4,0,1,Y,NA,19.88754615,1.61116049,NA
NA_136,NA,NA,NA,NA,NA,NA,NA,19_1,7_16,21,NA,NA,Addition,19,5,0,1,0,6,1,4,0,10,0,1,N,NA,1.53548022,0.39157575,NA
NA_137,NA,NA,NA,NA,NA,NA,NA,19_2,7_16,21,NA,NA,Removal,19,0,0,0,0,0,0,0,0,0,0,1,N,NA,26.00670952,3.862457942,NA
NA_138,NA,NA,NA,NA,NA,NA,NA,2_1,7_16,21,NA,NA,Variable,2,0,0,0,2,2,1,0,0,2,0,1,N,NA,1.405250183,0.358132366,NA
NA_139,NA,NA,NA,NA,NA,NA,NA,2_2,7_16,21,NA,NA,Addition,2,0,4,1,0,5,2,3,0,8,0,1,N,NA,1.605089011,0.332847269,NA
NA_140,NA,NA,NA,NA,NA,NA,NA,2_3,7_16,21,NA,NA,Variable,2,0,0,0,0,0,1,0,0,0,0,1,N,NA,19.40593443,2.329872918,NA
NA_141,NA,NA,NA,NA,NA,NA,NA,20_1,7_16,21,NA,NA,Addition,20,0,3,1,6,10,0,0,0,10,0,1,N,NA,4.669172527,0.659009004,NA
NA_142,NA,NA,NA,NA,NA,NA,NA,21_1,7_16,21,NA,NA,Addition,21,0,3,0,1,4,1,6,0,10,0,1,N,NA,3.237711722,0.84528682,NA
NA_143,NA,NA,NA,NA,NA,NA,NA,21_2,7_16,21,NA,NA,Removal,21,0,0,0,1,1,0,0,1,0,14,0.066666667,N,NA,21.03877473,4.005142537,NA
NA_144,NA,NA,NA,NA,NA,NA,NA,22_1,7_16,21,NA,NA,Variable,22,1,0,0,1,2,0,0,0,2,0,1,N,NA,18.43845018,0.485870641,NA
NA_145,NA,NA,NA,NA,NA,NA,NA,22_2,7_16,21,NA,NA,Addition,22A,3,2,1,0,6,0,4,0,10,5,0.666666667,N,NA,23.65498077,2.116253813,NA
NA_146,NA,NA,NA,NA,NA,NA,NA,23_1,7_16,21,NA,NA,Variable,23,0,0,0,0,0,0,0,0,0,0,1,N,NA,4.194268498,0.529032567,NA
NA_147,NA,NA,NA,NA,NA,NA,NA,24_1,7_16,21,NA,NA,Removal,24,0,1,0,0,1,1,0,1,0,0,1,N,NA,16.36775568,1.669916177,NA
NA_148,NA,NA,NA,NA,NA,NA,NA,25_1,7_16,21,NA,NA,Variable,25,0,2,1,0,3,0,0,0,3,0,1,Y,NA,9.811910989,1.837039022,NA
NA_149,NA,NA,NA,NA,NA,NA,NA,25_2,7_16,21,NA,NA,Removal,25,0,0,1,0,1,0,0,1,0,10,0.333333333,N,NA,3.876291209,1.405485972,NA
NA_150,NA,NA,NA,NA,NA,NA,NA,25_3,7_16,21,NA,NA,Addition,25A,0,5,1,0,6,2,4,0,10,0,1,N,NA,8.409855311,1.72017323,NA
NA_151,NA,NA,NA,NA,NA,NA,NA,26_1,7_16,21,NA,NA,Addition,26,0,0,0,6,6,7,4,0,10,0,1,N,NA,4.346252381,0.689562829,NA
NA_152,NA,NA,NA,NA,NA,NA,NA,27_1,7_16,21,NA,NA,NA,27,NA,NA,NA,NA,0,NA,NA,NA,NA,NA,NA,NA,NA,NA,NA,NA
NA_153,NA,NA,NA,NA,NA,NA,NA,27_2,7_16,21,NA,NA,Addition,27,0,2,0,0,2,1,8,0,10,0,1,Y,NA,21.84195055,1.462313542,NA
NA_154,NA,NA,NA,NA,NA,NA,NA,27_3,7_16,21,NA,NA,Addition,27,1,0,0,0,1,0,9,0,10,0,1,N,NA,6.096217216,0.628243181,NA
NA_155,NA,NA,NA,NA,NA,NA,NA,27_4,7_16,21,NA,NA,Variable,27A,2,1,0,0,3,0,0,0,3,0,1,N,NA,21.11675934,1.14552132,NA
NA_156,NA,NA,NA,NA,NA,NA,NA,28_1,7_16,21,NA,NA,Variable,28,0,1,0,0,1,0,0,0,1,0,1,N,NA,5.66515348,1.059447898,NA
NA_157,NA,NA,NA,NA,NA,NA,NA,29_1,7_16,21,NA,NA,Addition,29,0,7,1,3,11,0,0,0,11,0,1,N,NA,3.059499267,0.657243722,NA
NA_158,NA,NA,NA,NA,NA,NA,NA,29_2,7_16,21,NA,NA,Addition,29,1,0,0,0,1,0,10,0,11,0,1,Y,NA,7.017881685,0.953804923,NA
NA_159,NA,NA,NA,NA,NA,NA,NA,3_1,7_16,21,NA,NA,Variable,3,1,0,0,1,2,1,0,0,2,0,1,N,NA,24.67888974,3.391578153,NA
NA_160,NA,NA,NA,NA,NA,NA,NA,3_2,7_16,21,NA,NA,Removal,3,0,0,0,1,1,0,0,1,0,0,1,N,NA,64.11563993,5.686891713,NA
NA_161,NA,NA,NA,NA,NA,NA,NA,3_3,7_16,21,NA,NA,Addition,3,0,5,1,2,8,0,2,0,10,0,1,N,NA,6.377661905,2.017155431,NA
NA_162,NA,NA,NA,NA,NA,NA,NA,4_2,7_16,21,NA,NA,Addition,4,0,2,5,3,10,1,0,0,10,0,1,N,NA,3.610041392,2.310086587,NA
NA_163,NA,NA,NA,NA,NA,NA,NA,6_1,7_16,21,NA,NA,Variable,6,0,4,0,4,8,0,0,0,8,0,1,N,NA,7.266517582,0.529232094,NA
NA_164,NA,NA,NA,NA,NA,NA,NA,6_2,7_16,21,NA,NA,Removal,6,0,6,0,2,8,0,0,8,0,0,1,N,NA,21.49405165,2.09132412,NA
NA_165,NA,NA,NA,NA,NA,NA,NA,8_1,7_16,21,NA,NA,Removal,8,1,2,1,1,5,0,0,5,0,0,1,N,NA,5.955128571,1.285999996,NA
NA_166,NA,NA,NA,NA,NA,NA,NA,8_2,7_16,21,NA,NA,Removal,8,1,0,0,0,1,0,0,1,0,0,1,Y,NA,2.705562271,0.605500094,NA
NA_167,NA,NA,NA,NA,NA,NA,NA,8_3,7_16,21,NA,NA,Addition,8B,0,3,0,2,5,0,5,0,10,0,1,N,NA,6.352352015,2.655689052,NA
NA_168,NA,NA,NA,NA,NA,NA,NA,8_4,7_16,21,NA,NA,Variable,8A,0,0,0,0,0,1,0,0,0,0,1,N,NA,16.39141575,3.47130435,NA
NA_169,NA,NA,NA,NA,NA,NA,NA,8_5,7_16,21,NA,NA,Variable,8A,2,5,1,2,10,0,0,0,10,0,1,N,NA,7.670061905,1.134226048,NA
NA_170,NA,NA,NA,NA,NA,NA,NA,9_1,7_16,21,NA,NA,Removal,9,1,0,0,0,1,0,0,1,0,0,1,Y,NA,9.148214286,1.501659963,NA
NA_171,NA,NA,NA,NA,NA,NA,NA,9_2,7_16,21,NA,NA,Addition,9,1,2,0,0,3,0,7,0,10,0,1,Y,NA,8.777238462,2.157238301,NA
NA_172,NA,NA,NA,NA,NA,NA,NA,9_3,7_16,21,NA,NA,Removal,9A,0,0,0,1,1,0,0,1,0,0,1,N,NA,8.496215751,0.593241723,NA
NA_173,NA,NA,NA,NA,NA,NA,NA,1_1,7_27,32,NA,NA,Addition,1,0,4,0,1,5,0,5,0,10,0,1,Y,NA,33.8446381,4.748701816,NA
NA_174,NA,NA,NA,NA,NA,NA,NA,1_2,7_27,32,NA,NA,Variable,1,0,1,1,1,3,0,0,0,3,0,1,N,NA,2.493524542,0.23372268,NA
NA_175,NA,NA,NA,NA,NA,NA,NA,1_3,7_27,32,NA,NA,Removal,1,4,0,0,0,4,0,0,4,0,0,1,N,NA,6.805484982,0.804733165,NA
NA_176,NA,NA,NA,NA,NA,NA,NA,10_1,7_27,32,NA,NA,Addition,10,0,1,1,0,2,1,8,0,10,0,1,Y,NA,8.678223443,1.088522543,NA
NA_177,NA,NA,NA,NA,NA,NA,NA,10_2,7_27,32,NA,NA,Removal,10,2,3,0,0,5,0,0,5,0,5,0.666666667,N,NA,6.11177033,0.949816579,NA
NA_178,NA,NA,NA,NA,NA,NA,NA,12_1,7_27,32,NA,NA,Variable,12,0,1,3,0,4,2,0,0,4,0,1,Y,NA,4.218705495,0.786119765,NA
NA_179,NA,NA,NA,NA,NA,NA,NA,12_2,7_27,32,NA,NA,NA,12,NA,NA,NA,NA,NA,NA,NA,NA,NA,NA,NA,NA,NA,NA,NA,NA
NA_180,NA,NA,NA,NA,NA,NA,NA,13_1,7_27,32,NA,NA,Addition,13,0,1,2,2,5,0,5,0,10,0,1,Y,NA,4.402402198,0.56902986,NA
NA_181,NA,NA,NA,NA,NA,NA,NA,14_2,7_27,32,NA,NA,Removal,14A,0,0,0,0,0,0,0,0,0,0,1,Y,NA,5.341001465,0.791041638,NA
NA_182,NA,NA,NA,NA,NA,NA,NA,14_3,7_27,32,NA,NA,Variable,14A,2,1,0,3,6,2,0,0,6,0,1,Y,NA,12.14908791,1.212756119,NA
NA_183,NA,NA,NA,NA,NA,NA,NA,14_4,7_27,32,NA,NA,Removal,14B,0,0,0,0,0,0,0,0,0,0,1,Y,NA,5.253967033,2.093555039,NA
NA_184,NA,NA,NA,NA,NA,NA,NA,16_1,7_27,32,NA,NA,Removal,16,0,0,0,0,0,0,0,0,0,0,1,Y,NA,11.77241245,2.346901359,NA
NA_185,NA,NA,NA,NA,NA,NA,NA,16_2,7_27,32,NA,NA,Removal,16B,0,0,0,0,0,0,0,0,0,12,0.2,N,NA,7.238582418,1.79996299,NA
NA_186,NA,NA,NA,NA,NA,NA,NA,16_3,7_27,32,NA,NA,Removal,16C,0,0,0,0,0,0,0,0,0,0,1,Y,NA,1.026668864,0.353363402,NA
NA_187,NA,NA,NA,NA,NA,NA,NA,16_4,7_27,32,NA,NA,Variable,16A,0,0,0,0,0,0,0,0,0,0,1,Y,NA,3.47256044,0.511704395,NA
NA_188,NA,NA,NA,NA,NA,NA,NA,17_1,7_27,32,NA,NA,Removal,17,0,0,0,0,0,0,0,0,0,0,1,Y,NA,3.404076923,0.293828747,NA
NA_189,NA,NA,NA,NA,NA,NA,NA,17_2,7_27,32,NA,NA,Removal,17,0,0,0,0,0,0,0,0,0,0,1,Y,NA,2.089013187,0.218232323,NA
NA_190,NA,NA,NA,NA,NA,NA,NA,18_1,7_27,32,NA,NA,Variable,18,0,0,1,3,4,0,0,0,4,0,1,Y,NA,44.09779707,2.955969123,NA
NA_191,NA,NA,NA,NA,NA,NA,NA,18_2,7_27,32,NA,NA,Variable,18,0,0,1,1,2,0,0,0,2,0,1,Y,NA,6.814145788,1.094215518,NA
NA_192,NA,NA,NA,NA,NA,NA,NA,19_1,7_27,32,NA,NA,Addition,19,2,0,1,1,4,1,6,0,10,0,1,N,NA,2.26572381,0.409910038,NA
NA_193,NA,NA,NA,NA,NA,NA,NA,19_2,7_27,32,NA,NA,Removal,19,0,0,0,0,0,0,0,0,0,0,1,Y,NA,4.514150183,1.595534037,NA
NA_194,NA,NA,NA,NA,NA,NA,NA,2_1,7_27,32,NA,NA,Variable,2,0,0,0,1,1,1,0,0,1,0,1,Y,NA,3.986022711,0.642980779,NA
NA_195,NA,NA,NA,NA,NA,NA,NA,2_2,7_27,32,NA,NA,Addition,2,0,0,2,4,6,0,9,0,15,0,1,Y,NA,5.115663736,4.787128379,NA
NA_196,NA,NA,NA,NA,NA,NA,NA,2_3,7_27,32,NA,NA,Variable,2,0,0,0,0,0,0,0,0,0,0,1,Y,NA,7.628843223,0.490113957,NA
NA_197,NA,NA,NA,NA,NA,NA,NA,20_1,7_27,32,NA,NA,Addition,20,0,3,0,6,9,0,1,0,10,0,1,N,NA,5.408824176,0.762204635,NA
NA_198,NA,NA,NA,NA,NA,NA,NA,21_1,7_27,32,NA,NA,Addition,21,0,0,0,8,8,0,10,0,18,0,1,N,NA,7.79550696,0.622906516,NA
NA_199,NA,NA,NA,NA,NA,NA,NA,21_2,7_27,32,NA,NA,Removal,21,0,1,0,0,1,0,0,1,0,10,0.333333333,N,NA,5.175826374,1.223186732,NA
NA_200,NA,NA,NA,NA,NA,NA,NA,22_1,7_27,32,NA,NA,Variable,22,2,0,2,1,5,0,0,0,5,0,1,Y,NA,4.729754579,0.280452412,NA
NA_201,NA,NA,NA,NA,NA,NA,NA,22_2,7_27,32,NA,NA,Addition,22A,0,2,5,3,10,0,4,0,14,0,1,Y,NA,14.63201538,5.025816449,NA
NA_202,NA,NA,NA,NA,NA,NA,NA,23_1,7_27,32,NA,NA,Variable,23,0,0,0,1,1,1,0,0,1,0,1,Y,NA,8.129235897,1.112755305,NA
NA_203,NA,NA,NA,NA,NA,NA,NA,24_1,7_27,32,NA,NA,Removal,24,0,0,0,0,0,0,0,0,0,0,1,Y,NA,5.5758,1.140677642,NA
NA_204,NA,NA,NA,NA,NA,NA,NA,25_1,7_27,32,NA,NA,Variable,25,0,5,1,0,6,0,0,0,6,0,1,Y,NA,2.46616337,0.528235495,NA
NA_205,NA,NA,NA,NA,NA,NA,NA,25_2,7_27,32,NA,NA,Removal,25,0,0,0,0,0,0,0,0,0,7,0.533333333,N,NA,1.544858516,0.511143048,NA
NA_206,NA,NA,NA,NA,NA,NA,NA,25_3,7_27,32,NA,NA,Addition,25A,2,5,0,0,7,0,3,0,10,0,1,Y,NA,3.212060806,0.640365704,NA
NA_207,NA,NA,NA,NA,NA,NA,NA,26_1,7_27,32,NA,NA,Addition,26,0,1,2,6,9,1,1,0,10,0,1,N,NA,2.897704762,0.567954547,NA
NA_208,NA,NA,NA,NA,NA,NA,NA,27_2,7_27,32,NA,NA,Addition,27,0,6,0,0,6,0,5,0,11,7,0.533333333,N,NA,3.672864011,0.708588368,NA
NA_209,NA,NA,NA,NA,NA,NA,NA,27_3,7_27,32,NA,NA,Addition,27,0,4,4,1,9,1,1,0,10,0,1,Y,NA,5.630292308,0.550019928,NA
NA_210,NA,NA,NA,NA,NA,NA,NA,27_4,7_27,32,NA,NA,Variable,27A,0,0,0,0,0,1,0,0,0,0,1,Y,NA,2.627852747,0.765866554,NA
NA_211,NA,NA,NA,NA,NA,NA,NA,28_1,7_27,32,NA,NA,Variable,28,2,1,0,0,3,0,0,0,3,0,1,Y,NA,2.38063663,0.599924761,NA
NA_212,NA,NA,NA,NA,NA,NA,NA,29_1,7_27,32,NA,NA,Addition,29,1,2,0,1,4,2,10,0,14,0,1,Y,NA,1.518956044,0.330371479,NA
NA_213,NA,NA,NA,NA,NA,NA,NA,29_2,7_27,32,NA,NA,Addition,29,2,0,0,0,2,0,8,0,10,7,0.533333333,Y,NA,3.859375,0.516573244,NA
NA_214,NA,NA,NA,NA,NA,NA,NA,3_1,7_27,32,NA,NA,Variable,3,0,0,2,0,2,0,0,0,2,0,1,Y,NA,11.27567985,1.800000813,NA
NA_215,NA,NA,NA,NA,NA,NA,NA,3_2,7_27,32,NA,NA,Removal,3,0,0,0,0,0,0,0,0,0,0,1,N,NA,3.742561905,0.733448565,NA
NA_216,NA,NA,NA,NA,NA,NA,NA,3_3,7_27,32,NA,NA,Addition,3,0,1,3,2,6,2,4,0,10,0,1,N,NA,11.58512747,6.419078664,NA
NA_217,NA,NA,NA,NA,NA,NA,NA,4_2,7_27,32,NA,NA,Addition,4,0,2,2,0,4,1,6,0,10,0,1,N,NA,3.447430769,0.791207164,NA
NA_218,NA,NA,NA,NA,NA,NA,NA,6_1,7_27,32,NA,NA,Variable,5,0,3,0,2,5,0,0,0,5,0,1,Y,NA,6.703411722,0.912345353,NA
NA_219,NA,NA,NA,NA,NA,NA,NA,6_2,7_27,32,NA,NA,Removal,5,0,0,1,1,2,0,0,2,0,0,1,Y,NA,5.758091575,1.566625861,NA
NA_220,NA,NA,NA,NA,NA,NA,NA,8_1,7_27,32,NA,NA,Removal,8,0,1,0,1,2,0,0,2,0,0,1,Y,NA,4.530264469,3.147430475,NA
NA_221,NA,NA,NA,NA,NA,NA,NA,8_2,7_27,32,NA,NA,Removal,8,0,1,0,0,1,1,0,1,0,0,1,Y,NA,3.087496703,0.419218975,NA
NA_222,NA,NA,NA,NA,NA,NA,NA,8_3,7_27,32,NA,NA,Addition,8B,0,4,3,4,11,0,0,0,11,0,1,Y,NA,3.925417582,1.055030462,NA
NA_223,NA,NA,NA,NA,NA,NA,NA,8_4,7_27,32,NA,NA,Variable,8A,0,0,0,1,1,0,0,0,1,0,1,Y,NA,14.99247985,3.519018066,NA
NA_224,NA,NA,NA,NA,NA,NA,NA,8_5,7_27,32,NA,NA,Variable,8A,0,5,1,1,7,0,0,0,7,0,1,Y,NA,17.47137802,1.453098641,NA
NA_225,NA,NA,NA,NA,NA,NA,NA,9_1,7_27,32,NA,NA,Removal,9,0,0,0,0,0,0,0,0,0,5,0.666666667,N,NA,3.94533956,3.922964674,NA
NA_226,NA,NA,NA,NA,NA,NA,NA,9_2,7_27,32,NA,NA,Addition,9,0,0,0,0,0,0,10,0,10,0,1,Y,NA,3.340015385,0.947693202,NA
NA_227,NA,NA,NA,NA,NA,NA,NA,9_3,7_27,32,NA,NA,Removal,9A,0,0,0,0,0,1,0,0,0,0,1,Y,NA,4.773413187,0.938797472,NA
NA_228,NA,NA,NA,NA,NA,NA,NA,1_1,8_10,46,NA,NA,Addition,1,0,2,3,0,5,0,5,0,10,0,1,Y,NA,NA,NA,NA
NA_229,NA,NA,NA,NA,NA,NA,NA,1_2,8_10,46,NA,NA,Variable,1,0,0,1,0,1,1,0,0,1,0,1,Y,NA,NA,NA,NA
NA_230,NA,NA,NA,NA,NA,NA,NA,1_3,8_10,46,NA,NA,Removal,1,0,0,0,0,0,1,0,0,0,0,1,Y,NA,NA,NA,NA
NA_231,NA,NA,NA,NA,NA,NA,NA,10_1,8_10,46,NA,NA,Addition,10,0,3,4,1,8,0,2,0,10,0,1,Y,NA,NA,NA,NA
NA_232,NA,NA,NA,NA,NA,NA,NA,10_2,8_10,46,NA,NA,Removal,10,3,1,0,0,4,0,0,4,0,0,1,Y,NA,NA,NA,NA
NA_233,NA,NA,NA,NA,NA,NA,NA,12_1,8_10,46,NA,NA,Variable,12,0,2,0,1,3,0,0,0,3,0,1,N,NA,NA,NA,NA
NA_234,NA,NA,NA,NA,NA,NA,NA,13_1,8_10,46,NA,NA,Addition,13,0,1,1,1,3,1,7,0,10,0,1,N,NA,NA,NA,NA
NA_235,NA,NA,NA,NA,NA,NA,NA,14_2,8_10,46,NA,NA,Removal,14A,2,2,1,1,6,0,0,6,0,0,1,N,NA,NA,NA,NA
NA_236,NA,NA,NA,NA,NA,NA,NA,14_3,8_10,46,NA,NA,Variable,14A,4,2,0,0,6,0,0,0,6,0,1,N,NA,NA,NA,NA
NA_237,NA,NA,NA,NA,NA,NA,NA,14_4,8_10,46,NA,NA,Removal,14B,1,0,0,0,1,1,0,1,0,0,1,Y,NA,NA,NA,NA
NA_238,NA,NA,NA,NA,NA,NA,NA,16_1,8_10,46,NA,NA,Removal,16,0,0,0,0,0,0,0,0,0,0,1,N,NA,NA,NA,NA
NA_239,NA,NA,NA,NA,NA,NA,NA,16_2,8_10,46,NA,NA,Removal,16B,0,0,0,1,1,0,0,1,0,0,1,Y,NA,NA,NA,NA
NA_240,NA,NA,NA,NA,NA,NA,NA,16_3,8_10,46,NA,NA,Removal,16C,0,0,0,0,0,0,0,0,0,0,1,Y,NA,NA,NA,NA
NA_241,NA,NA,NA,NA,NA,NA,NA,16_4,8_10,46,NA,NA,Variable,16A,3,0,0,0,3,0,0,0,3,0,1,Y,NA,NA,NA,NA
NA_242,NA,NA,NA,NA,NA,NA,NA,17_1,8_10,46,NA,NA,Removal,17,0,0,0,0,0,0,0,0,0,0,1,Y,NA,NA,NA,NA
NA_243,NA,NA,NA,NA,NA,NA,NA,17_2,8_10,46,NA,NA,Removal,17,0,0,0,0,0,0,0,0,0,0,1,Y,NA,NA,NA,NA
NA_244,NA,NA,NA,NA,NA,NA,NA,18_1,8_10,46,NA,NA,Variable,18,2,0,0,0,2,0,0,0,2,0,1,Y,NA,NA,NA,NA
NA_245,NA,NA,NA,NA,NA,NA,NA,18_2,8_10,46,NA,NA,Variable,18,0,0,0,0,0,0,0,0,0,0,1,Y,NA,NA,NA,NA
NA_246,NA,NA,NA,NA,NA,NA,NA,19_1,8_10,46,NA,NA,Addition,19,4,0,0,0,4,0,6,0,10,0,1,Y,NA,NA,NA,NA
NA_247,NA,NA,NA,NA,NA,NA,NA,19_2,8_10,46,NA,NA,Removal,19,2,2,0,1,5,0,0,5,0,0,1,Y,NA,NA,NA,NA
NA_248,NA,NA,NA,NA,NA,NA,NA,2_1,8_10,46,NA,NA,Variable,2,0,0,0,0,0,1,0,0,0,0,1,Y,NA,NA,NA,NA
NA_249,NA,NA,NA,NA,NA,NA,NA,2_2,8_10,46,NA,NA,Addition,2,0,2,3,0,5,0,5,0,10,0,1,Y,NA,NA,NA,NA
NA_250,NA,NA,NA,NA,NA,NA,NA,2_3,8_10,46,NA,NA,Variable,2,NA,NA,NA,NA,NA,NA,NA,NA,NA,NA,NA,NA,NA,NA,NA,NA
NA_251,NA,NA,NA,NA,NA,NA,NA,20_1,8_10,46,NA,NA,Addition,20,0,0,3,5,8,0,2,0,10,0,1,Y,NA,NA,NA,NA
NA_252,NA,NA,NA,NA,NA,NA,NA,21_1,8_10,46,NA,NA,Addition,21,3,2,3,3,11,0,2,0,13,0,1,N,NA,NA,NA,NA
NA_253,NA,NA,NA,NA,NA,NA,NA,21_2,8_10,46,NA,NA,Removal,21,2,1,0,0,3,0,0,3,0,10,0.333333333,N,NA,NA,NA,NA
NA_254,NA,NA,NA,NA,NA,NA,NA,22_1,8_10,46,NA,NA,Variable,22,4,1,0,0,5,1,0,0,5,0,1,Y,NA,NA,NA,NA
NA_255,NA,NA,NA,NA,NA,NA,NA,22_2,8_10,46,NA,NA,Addition,22A,3,1,3,1,8,2,5,0,13,0,1,N,NA,NA,NA,NA
NA_256,NA,NA,NA,NA,NA,NA,NA,23_1,8_10,46,NA,NA,Variable,23,1,0,0,0,1,1,0,0,1,0,1,Y,NA,NA,NA,NA
NA_257,NA,NA,NA,NA,NA,NA,NA,24_1,8_10,46,NA,NA,Removal,24,0,1,0,1,2,0,0,2,0,0,1,Y,NA,NA,NA,NA
NA_258,NA,NA,NA,NA,NA,NA,NA,25_1,8_10,46,NA,NA,Variable,25,1,1,1,0,3,0,0,0,3,0,1,N,NA,NA,NA,NA
NA_259,NA,NA,NA,NA,NA,NA,NA,25_2,8_10,46,NA,NA,Removal,25,1,0,0,0,1,0,0,1,0,10,0.333333333,N,NA,NA,NA,NA
NA_260,NA,NA,NA,NA,NA,NA,NA,25_3,8_10,46,NA,NA,Addition,25A,0,5,5,0,10,0,0,0,10,0,1,N,NA,NA,NA,NA
NA_261,NA,NA,NA,NA,NA,NA,NA,26_1,8_10,46,NA,NA,Addition,26,5,5,0,0,10,6,0,0,10,0,1,N,NA,NA,NA,NA
NA_262,NA,NA,NA,NA,NA,NA,NA,27_2,8_10,46,NA,NA,Addition,27,4,2,1,1,8,0,2,0,10,0,1,Y,NA,NA,NA,NA
NA_263,NA,NA,NA,NA,NA,NA,NA,27_3,8_10,46,NA,NA,Addition,27,0,5,3,0,8,0,2,0,10,0,1,Y,NA,NA,NA,NA
NA_264,NA,NA,NA,NA,NA,NA,NA,27_4,8_10,46,NA,NA,Variable,27A,0,0,0,4,4,1,0,0,4,0,1,Y,NA,NA,NA,NA
NA_265,NA,NA,NA,NA,NA,NA,NA,28_1,8_10,46,NA,NA,Variable,28,0,2,0,1,3,2,0,0,3,0,1,Y,NA,NA,NA,NA
NA_266,NA,NA,NA,NA,NA,NA,NA,29_1,8_10,46,NA,NA,Addition,29,0,1,2,3,6,1,4,0,10,0,1,Y,NA,NA,NA,NA
NA_267,NA,NA,NA,NA,NA,NA,NA,29_2,8_10,46,NA,NA,Addition,29,2,1,0,1,4,0,6,0,10,10,0.333333333,N,NA,NA,NA,NA
NA_268,NA,NA,NA,NA,NA,NA,NA,3_1,8_10,46,NA,NA,Variable,3,0,0,0,0,0,0,0,0,0,0,1,N,NA,NA,NA,NA
NA_269,NA,NA,NA,NA,NA,NA,NA,3_2,8_10,46,NA,NA,Removal,3,0,0,0,0,0,0,0,0,0,0,1,N,NA,NA,NA,NA
NA_270,NA,NA,NA,NA,NA,NA,NA,3_3,8_10,46,NA,NA,Addition,3,0,4,4,2,10,0,0,0,10,0,1,Y,NA,NA,NA,NA
NA_271,NA,NA,NA,NA,NA,NA,NA,4_2,8_10,46,NA,NA,Addition,4,3,4,3,0,10,0,0,0,10,0,1,N,NA,NA,NA,NA
NA_272,NA,NA,NA,NA,NA,NA,NA,6_1,8_10,46,NA,NA,Variable,6,0,0,2,0,2,0,0,0,2,0,1,Y,NA,NA,NA,NA
NA_273,NA,NA,NA,NA,NA,NA,NA,6_2,8_10,46,NA,NA,Removal,6,0,2,0,1,3,0,0,3,0,0,1,N,NA,NA,NA,NA
NA_274,NA,NA,NA,NA,NA,NA,NA,8_1,8_10,46,NA,NA,Removal,8,0,3,1,NA,4,0,0,4,0,0,1,Y,NA,NA,NA,NA
NA_275,NA,NA,NA,NA,NA,NA,NA,8_2,8_10,46,NA,NA,Removal,8,5,2,0,0,7,0,0,7,0,0,1,Y,NA,NA,NA,NA
NA_276,NA,NA,NA,NA,NA,NA,NA,8_3,8_10,46,NA,NA,Addition,8B,3,2,1,3,9,1,4,0,13,0,1,N,NA,NA,NA,NA
NA_277,NA,NA,NA,NA,NA,NA,NA,8_4,8_10,46,NA,NA,Variable,8A,0,1,0,0,1,0,0,0,1,0,1,Y,NA,NA,NA,NA
NA_278,NA,NA,NA,NA,NA,NA,NA,8_5,8_10,46,NA,NA,Variable,8A,0,0,6,0,6,0,0,0,6,0,1,N,NA,NA,NA,NA
NA_279,NA,NA,NA,NA,NA,NA,NA,9_1,8_10,46,NA,NA,Removal,9,1,0,0,0,1,0,0,1,0,0,1,Y,NA,NA,NA,NA
NA_280,NA,NA,NA,NA,NA,NA,NA,9_2,8_10,46,NA,NA,Addition,9,0,2,1,0,3,0,10,0,13,0,1,N,NA,NA,NA,NA
NA_281,NA,NA,NA,NA,NA,NA,NA,9_3,8_10,46,NA,NA,Removal,9A,2,1,0,0,3,0,0,3,0,0,1,N,NA,NA,NA,NA
NA_282,NA,NA,NA,NA,NA,NA,NA,1_1,8_20,56,NA,NA,Addition,1,0,1,2,0,3,0,7,0,10,0,1,Y,NA,NA,NA,NA
NA_283,NA,NA,NA,NA,NA,NA,NA,1_2,8_20,56,NA,NA,Variable,1,2,0,0,0,2,0,0,0,2,0,1,Y,NA,NA,NA,NA
NA_284,NA,NA,NA,NA,NA,NA,NA,1_3,8_20,56,NA,NA,Removal,1,2,1,0,0,3,0,0,3,0,0,1,Y,NA,NA,NA,NA
NA_285,NA,NA,NA,NA,NA,NA,NA,10_1,8_20,56,NA,NA,Addition,10,1,5,3,1,10,0,0,0,10,0,1,Y,NA,NA,NA,NA
NA_286,NA,NA,NA,NA,NA,NA,NA,10_2,8_20,56,NA,NA,Removal,10,1,1,1,0,3,0,0,3,0,0,1,Y,NA,NA,NA,NA
NA_287,NA,NA,NA,NA,NA,NA,NA,12_1,8_20,56,NA,NA,Variable,12,0,1,0,0,1,1,0,0,1,0,1,Y,NA,NA,NA,NA
NA_288,NA,NA,NA,NA,NA,NA,NA,13_1,8_20,56,NA,NA,Addition,13,8,1,1,0,10,0,0,0,10,0,1,Y,NA,NA,NA,NA
NA_289,NA,NA,NA,NA,NA,NA,NA,14_2,8_20,56,NA,NA,Removal,14A,0,0,0,0,0,0,0,0,0,0,1,Y,NA,NA,NA,NA
NA_290,NA,NA,NA,NA,NA,NA,NA,14_3,8_20,56,NA,NA,Variable,14A,2,2,1,0,5,1,0,0,5,0,1,Y,NA,NA,NA,NA
NA_291,NA,NA,NA,NA,NA,NA,NA,14_4,8_20,56,NA,NA,Removal,14B,2,0,0,0,2,0,0,2,0,0,1,Y,NA,NA,NA,NA
NA_292,NA,NA,NA,NA,NA,NA,NA,16_1,8_20,56,NA,NA,Removal,16,0,0,1,0,1,0,0,1,0,0,1,Y,NA,NA,NA,NA
NA_293,NA,NA,NA,NA,NA,NA,NA,16_2,8_20,56,NA,NA,Removal,16B,0,0,1,0,1,0,0,1,0,0,1,Y,NA,NA,NA,NA
NA_294,NA,NA,NA,NA,NA,NA,NA,16_3,8_20,56,NA,NA,Removal,16C,0,0,0,0,0,0,0,0,0,0,1,Y,NA,NA,NA,NA
NA_295,NA,NA,NA,NA,NA,NA,NA,16_4,8_20,56,NA,NA,Variable,16A,1,0,0,0,1,0,0,0,1,0,1,Y,NA,NA,NA,NA
NA_296,NA,NA,NA,NA,NA,NA,NA,17_1,8_20,56,NA,NA,Removal,17,0,1,0,0,1,0,0,1,0,0,1,Y,NA,NA,NA,NA
NA_297,NA,NA,NA,NA,NA,NA,NA,17_2,8_20,56,NA,NA,Removal,17,0,0,0,0,0,0,0,0,0,0,1,Y,NA,NA,NA,NA
NA_298,NA,NA,NA,NA,NA,NA,NA,18_1,8_20,56,NA,NA,Variable,18,0,0,0,0,0,0,0,0,0,0,1,Y,NA,NA,NA,NA
NA_299,NA,NA,NA,NA,NA,NA,NA,18_2,8_20,56,NA,NA,Variable,18,0,0,1,0,1,0,0,0,1,0,1,Y,NA,NA,NA,NA
NA_300,NA,NA,NA,NA,NA,NA,NA,19_1,8_20,56,NA,NA,Addition,19,3,0,1,0,4,0,6,0,10,0,1,Y,NA,NA,NA,NA
NA_301,NA,NA,NA,NA,NA,NA,NA,19_2,8_20,56,NA,NA,Removal,19,0,0,0,0,0,0,0,0,0,0,1,Y,NA,NA,NA,NA
NA_302,NA,NA,NA,NA,NA,NA,NA,2_1,8_20,56,NA,NA,Variable,2,0,2,4,0,6,0,0,0,6,0,1,Y,NA,NA,NA,NA
NA_303,NA,NA,NA,NA,NA,NA,NA,2_2,8_20,56,NA,NA,NA,2,NA,NA,NA,NA,NA,NA,NA,NA,NA,NA,NA,NA,NA,NA,NA,NA
NA_304,NA,NA,NA,NA,NA,NA,NA,2_3,8_20,56,NA,NA,Variable,2,0,0,0,0,0,0,0,0,0,0,1,Y,NA,NA,NA,NA
NA_305,NA,NA,NA,NA,NA,NA,NA,20_1,8_20,56,NA,NA,Addition,20,3,0,4,3,10,1,0,0,10,0,1,Y,NA,NA,NA,NA
NA_306,NA,NA,NA,NA,NA,NA,NA,21_1,8_20,56,NA,NA,Addition,21,1,3,0,0,4,1,6,0,10,0,1,Y,NA,NA,NA,NA
NA_307,NA,NA,NA,NA,NA,NA,NA,21_2,8_20,56,NA,NA,Removal,21,1,0,0,0,1,0,0,1,0,0,1,Y,NA,NA,NA,NA
NA_308,NA,NA,NA,NA,NA,NA,NA,22_1,8_20,56,NA,NA,Variable,22,6,0,1,0,7,0,0,0,7,0,1,Y,NA,NA,NA,NA
NA_309,NA,NA,NA,NA,NA,NA,NA,22_2,8_20,56,NA,NA,Addition,22A,3,3,3,0,9,0,1,0,10,0,1,Y,NA,NA,NA,NA
NA_310,NA,NA,NA,NA,NA,NA,NA,23_1,8_20,56,NA,NA,Variable,23,0,0,0,0,0,0,0,0,0,0,1,Y,NA,NA,NA,NA
NA_311,NA,NA,NA,NA,NA,NA,NA,24_1,8_20,56,NA,NA,Removal,24,2,0,0,0,2,0,0,2,0,0,1,Y,NA,NA,NA,NA
NA_312,NA,NA,NA,NA,NA,NA,NA,25_1,8_20,56,NA,NA,Variable,25,0,0,0,0,0,0,0,0,0,0,1,Y,NA,NA,NA,NA
NA_313,NA,NA,NA,NA,NA,NA,NA,25_2,8_20,56,NA,NA,Removal,25,0,0,0,0,0,0,0,0,0,0,1,Y,NA,NA,NA,NA
NA_314,NA,NA,NA,NA,NA,NA,NA,25_3,8_20,56,NA,NA,Addition,25A,3,2,5,0,10,0,0,0,10,0,1,Y,NA,NA,NA,NA
NA_315,NA,NA,NA,NA,NA,NA,NA,26_1,8_20,56,NA,NA,Addition,26,1,0,5,1,7,1,3,0,10,0,1,Y,NA,NA,NA,NA
NA_316,NA,NA,NA,NA,NA,NA,NA,27_2,8_20,56,NA,NA,Addition,27,1,4,2,0,7,0,3,0,10,0,1,Y,NA,NA,NA,NA
NA_317,NA,NA,NA,NA,NA,NA,NA,27_3,8_20,56,NA,NA,Addition,27,2,0,6,0,8,0,2,0,10,0,1,Y,NA,NA,NA,NA
NA_318,NA,NA,NA,NA,NA,NA,NA,27_4,8_20,56,NA,NA,Variable,27A,0,0,0,1,1,0,0,0,1,0,1,Y,NA,NA,NA,NA
NA_319,NA,NA,NA,NA,NA,NA,NA,28_1,8_20,56,NA,NA,Variable,28,0,1,1,0,2,0,0,0,2,0,1,Y,NA,NA,NA,NA
NA_320,NA,NA,NA,NA,NA,NA,NA,29_1,8_20,56,NA,NA,Addition,29,3,3,0,0,6,0,4,0,10,0,1,Y,NA,NA,NA,NA
NA_321,NA,NA,NA,NA,NA,NA,NA,29_2,8_20,56,NA,NA,Addition,29,0,5,0,0,5,0,5,0,10,0,1,Y,NA,NA,NA,NA
NA_322,NA,NA,NA,NA,NA,NA,NA,3_1,8_20,56,NA,NA,Variable,3,2,0,1,0,3,0,0,0,3,0,1,Y,NA,NA,NA,NA
NA_323,NA,NA,NA,NA,NA,NA,NA,3_2,8_20,56,NA,NA,Removal,3,0,0,0,0,0,0,0,0,0,0,1,Y,NA,NA,NA,NA
NA_324,NA,NA,NA,NA,NA,NA,NA,3_3,8_20,56,NA,NA,Addition,3,0,0,9,1,10,0,0,0,10,0,1,Y,NA,NA,NA,NA
NA_325,NA,NA,NA,NA,NA,NA,NA,4_2,8_20,56,NA,NA,Addition,4,2,2,3,3,10,0,0,0,10,0,1,Y,NA,NA,NA,NA
NA_326,NA,NA,NA,NA,NA,NA,NA,6_1,8_20,56,NA,NA,Variable,6,1,0,1,0,2,0,0,0,2,0,1,Y,NA,NA,NA,NA
NA_327,NA,NA,NA,NA,NA,NA,NA,6_2,8_20,56,NA,NA,Removal,6,2,2,0,0,4,0,0,4,0,0,1,Y,NA,NA,NA,NA
NA_328,NA,NA,NA,NA,NA,NA,NA,8_1,8_20,56,NA,NA,Removal,8,0,0,0,0,0,0,0,0,0,0,1,Y,NA,NA,NA,NA
NA_329,NA,NA,NA,NA,NA,NA,NA,8_2,8_20,56,NA,NA,Removal,8,0,1,0,0,1,0,0,1,0,0,1,Y,NA,NA,NA,NA
NA_330,NA,NA,NA,NA,NA,NA,NA,8_3,8_20,56,NA,NA,Addition,8B,0,3,3,2,8,2,3,1,10,0,1,Y,NA,NA,NA,NA
NA_331,NA,NA,NA,NA,NA,NA,NA,8_4,8_20,56,NA,NA,Variable,8A,1,0,0,0,1,0,0,0,1,0,1,Y,NA,NA,NA,NA
NA_332,NA,NA,NA,NA,NA,NA,NA,8_5,8_20,56,NA,NA,Variable,8A,0,2,3,1,6,0,0,0,6,0,1,Y,NA,NA,NA,NA
NA_333,NA,NA,NA,NA,NA,NA,NA,9_1,8_20,56,NA,NA,Removal,9,0,0,0,0,0,0,0,0,0,0,1,Y,NA,NA,NA,NA
NA_334,NA,NA,NA,NA,NA,NA,NA,9_2,8_20,56,NA,NA,Addition,9,0,3,1,0,4,0,6,0,10,0,1,Y,NA,NA,NA,NA
NA_335,NA,NA,NA,NA,NA,NA,NA,9_3,8_20,56,NA,NA,Removal,9A,1,0,0,0,1,0,0,1,0,0,1,Y,NA,NA,NA,NA
AA85,pitcher_Day Final (8.31),Harvest,2.28,no,undiluted,None,True Sample,1_1,8_31,67,Harvest,12_30,Addition,1,3,5,1,3,12,0,0,0,12,0,1,NA,NA,1.884610723,1.325662116,0.055241067
AA97,pitcher_Day Final (8.31),Harvest,0.01,yes,undiluted,all steps re-extracted,True Sample,1_2,8_31,67,Harvest,12_30,Variable,1,0,0,0,0,0,0,0,0,0,0,1,NA,NA,5.863467599,0.707809155,0.016063755
AA68,pitcher_Day Final (8.31),Harvest,18,no,x25 cycles 1-10 dilution,chloroform cleaned,True Sample,1_3,8_31,67,Harvest,12_30,Removal,1,0,0,0,0,0,0,0,0,0,0,1,NA,NA,242.9836895,5.597048191,0.006071746
AA99,pitcher_Day Final (8.31),Harvest,6,no,undiluted,None,True Sample,10_1,8_31,67,Harvest,12_30,Addition,10,0,2,3,0,5,0,0,0,5,0,1,NA,NA,2.126720746,0.275313231,0.016815119
AA64,pitcher_Day Final (8.31),Harvest,1.58,yes,x25 cycles 1-10 dilution,chloroform cleaned,True Sample,10_2,8_31,67,Harvest,12_17,Removal,10,1,3,0,0,4,0,0,0,4,0,1,NA,NA,18.0061296,0.443220151,0.016571421
AA112,pitcher_Day Final (8.31),Harvest,12,no,undiluted,None,True Sample,12_1,8_31,67,Harvest,01_07,Variable,12,0,0,3,2,5,0,0,0,5,0,1,NA,NA,6.361648485,1.089489824,0.018596975
AA90,pitcher_Day Final (8.31),Harvest,5.3,no,x25 cycles 1-10 dilution,chloroform cleaned,True Sample,13_1,8_31,67,Harvest,12_30,Addition,13,0,2,8,0,10,0,0,0,10,0,1,NA,NA,16.14743963,1.011704421,0.026858951
AA75,pitcher_Day Final (8.31),Harvest,3.61,no,undiluted,None,True Sample,14_2,8_31,67,Harvest,12_30,Removal,14A,0,0,0,0,0,0,0,0,0,0,1,NA,NA,5.722254545,0.24537214,0.014289316
AA101,pitcher_Day Final (8.31),Harvest,7.4,no,undiluted,chloroform cleaned,True Sample,14_3,8_31,67,Harvest,01_07,Variable,14A,0,3,2,0,5,0,0,0,5,0,1,NA,NA,7.788973427,1.053853553,0.012310864
AA69,pitcher_Day Final (8.31),Harvest,0.01,yes,NA,all steps re-extracted + lost undiluted,True Sample,14_4,8_31,67,Harvest,12_30,Removal,14B,0,0,0,0,0,0,0,0,0,0,1,NA,NA,5.383761305,0.101281754,0.015788399
AA73,pitcher_Day Final (8.31),Harvest,0.359,yes,NA,lost undiluted,True Sample,16_1,8_31,67,Harvest,12_30,Removal,16,0,0,0,0,0,0,0,0,0,0,1,NA,NA,8.972090443,0.240403303,0.017114138
AA77,pitcher_Day Final (8.31),Harvest,0.01,yes,NA,lost undiluted,True Sample,16_2,8_31,67,Harvest,12_30,Removal,16B,0,0,2,0,2,0,0,0,2,0,1,NA,NA,3.411134732,0.222944257,0.015535418
AA78,pitcher_Day Final (8.31),Harvest,13,no,x25 cycles 1-10 dilution,None,True Sample,16_3,8_31,67,Harvest,12_30,Removal,16C,0,0,0,0,0,0,0,0,0,0,1,NA,NA,13.02405874,2.325354179,0.015163258
AA111,pitcher_Day Final (8.31),Harvest,4.48,no,undiluted,None,True Sample,16_4,8_31,67,Harvest,01_07,Variable,16A,0,0,0,0,0,0,0,0,0,0,1,NA,NA,3.273232634,0.220376668,0.018547255
AA71,pitcher_Day Final (8.31),Harvest,7.7,no,x25 cycles 1-10 dilution,None,True Sample,17_1,8_31,67,Harvest,12_30,Removal,17,0,0,0,0,0,0,0,0,0,0,1,NA,NA,9.797334266,0.413535972,0.023897094
AA76,pitcher_Day Final (8.31),Harvest,22,no,x25 cycles 1-10 dilution,try this at 1-10 before re-visiting clean-up,True Sample,17_2,8_31,67,Harvest,12_30,Removal,17,0,0,1,0,1,0,0,0,1,0,1,NA,NA,26.83794033,1.283920676,0.021368617
AA114,pitcher_Day Final (8.31),Harvest,0.01,yes,NA,all steps re-extracted,True Sample,18_1,8_31,67,Harvest,01_07,Variable,18,0,0,2,0,2,0,0,0,2,0,1,NA,NA,34.82477016,1.673653125,0.028927747
AA104,pitcher_Day Final (8.31),Harvest,0.01,yes,undiluted,all steps re-extracted,True Sample,18_2,8_31,67,Harvest,01_07,Variable,18,0,0,2,0,2,0,0,0,2,0,1,NA,NA,15.94674219,2.707558877,0.03684294
AA92,pitcher_Day Final (8.31),Harvest,1.13,yes,undiluted,None,True Sample,19_1,8_31,67,Harvest,12_30,Addition,19,0,2,0,0,2,0,0,0,2,0,1,NA,NA,1.877932867,0.308420948,0.022240167
AA93,pitcher_Day Final (8.31),Harvest,0.01,yes,NA,all steps re-extracted,True Sample,19_2,8_31,67,Harvest,12_30,Removal,19,1,0,0,0,1,0,0,0,1,0,1,NA,NA,2.225004196,0.486430352,0.009493401
AA87,pitcher_Day Final (8.31),Harvest,0.394,yes,x25 cycles 1-10 dilution,chloroform cleaned,True Sample,2_1,8_31,67,Harvest,12_30,Variable,2,0,3,1,1,5,0,0,0,5,0,1,NA,NA,2.915564569,0.397617632,0.002476286
AA102,pitcher_Day Final (8.31),Harvest,3.83,no,undiluted,None,True Sample,2_3,8_31,67,Harvest,01_07,Variable,2,0,1,1,0,2,0,0,0,2,0,1,NA,NA,26.76895291,2.827964374,0.081608324
AA67,pitcher_Day Final (8.31),Harvest,0.514,yes,x25 cycles 1-10 dilution,chloroform cleaned,True Sample,20_1,8_31,67,Harvest,12_21,Addition,20,0,1,1,1,3,0,0,0,3,0,1,NA,NA,8.996102564,0.398370765,0.021597722
AA109,pitcher_Day Final (8.31),Harvest,13,no,x25 cycles 1-10 dilution,chloroform cleaned,True Sample,21_1,8_31,67,Harvest,01_07,Addition,21,0,2,5,3,10,0,0,0,10,0,1,NA,NA,18.07254639,0.728303182,0.012857577
AA88,pitcher_Day Final (8.31),Harvest,1.28,yes,undiluted,None,True Sample,21_2,8_31,67,Harvest,12_30,Removal,21,1,0,1,0,2,0,0,0,2,10,0.333333333,NA,NA,7.093907692,0.646083431,0.025913931
AA113,pitcher_Day Final (8.31),Harvest,0.01,yes,undiluted,all steps re-extracted,True Sample,22_1,8_31,67,Harvest,01_07,Variable,22,0,9,0,2,11,1,0,0,11,0,1,NA,NA,8.323584149,0.838744473,0.004893443
AA79,pitcher_Day Final (8.31),Harvest,1.3,yes,x25 cycles 1-10 dilution,chloroform cleaned,True Sample,22_2,8_31,67,Harvest,12_30,Addition,22A,0,2,4,0,6,0,0,0,6,0,1,NA,NA,10.20508904,1.686167572,0.012892507
AA105,pitcher_Day Final (8.31),Harvest,21,no,x25 cycles 1-10 dilution,None,True Sample,23_1,8_31,67,Harvest,01_07,Variable,23,0,0,1,0,1,0,0,0,1,0,1,NA,NA,54.49606713,0.847266196,0.005414852
AA65,pitcher_Day Final (8.31),Harvest,3.67,no,x25 cycles 1-10 dilution,chloroform cleaned,True Sample,24_1,8_31,67,Harvest,12_21,Removal,24,0,0,4,0,4,0,0,0,4,0,1,NA,NA,42.11952634,0.767363756,0.018349663
AA103,pitcher_Day Final (8.31),Harvest,0.01,yes,undiluted,all steps re-extracted,True Sample,25_1,8_31,67,Harvest,01_07,Variable,25,0,1,1,0,2,0,0,0,2,0,1,NA,NA,5.717727739,1.257303368,0.015368939
AA81,pitcher_Day Final (8.31),Harvest,1.31,yes,undiluted,None,True Sample,25_2,8_31,67,Harvest,12_30,Removal,25,0,0,0,0,0,0,0,0,0,10,0.411764706,NA,NA,9.224538528,0.377729932,0.023644235
AA89,pitcher_Day Final (8.31),Harvest,4.27,no,x25 cycles 1-10 dilution,None,True Sample,25_3,8_31,67,Harvest,12_30,Addition,25A,0,12,1,0,13,0,0,0,13,0,1,NA,NA,3.31378648,0.436683565,0.017438619
AA62,pitcher_Day Final (8.31),Harvest,23,no,x25 cycles 1-10 dilution,chloroform cleaned,True Sample,26_1,8_31,67,Harvest,12_17,Addition,26,3,1,3,1,8,0,0,0,8,0,1,NA,NA,9.570722611,0.659242071,0.044471623
AA94,pitcher_Day Final (8.31),Harvest,27,no,x25 cycles 1-10 dilution,None,True Sample,27_2,8_31,67,Harvest,12_30,Addition,27,2,3,5,0,10,0,0,0,10,0,1,NA,NA,8.826195804,0.653999485,0.018030359
AA96,pitcher_Day Final (8.31),Harvest,0.01,yes,undiluted,all steps re-extracted,True Sample,27_3,8_31,67,Harvest,12_30,Addition,27,0,1,3,2,6,0,0,0,6,0,1,NA,NA,20.26115152,1.159645171,0.023612039
AA107,pitcher_Day Final (8.31),Harvest,0.01,yes,undiluted,all steps re-extracted,True Sample,27_4,8_31,67,Harvest,01_07,Variable,27A,0,0,0,1,1,1,0,0,1,0,1,NA,NA,3.584729138,0.499002202,0.015535418
AA84,pitcher_Day Final (8.31),Harvest,7.2,no,x25 cycles 1-10 dilution,chloroform cleaned,True Sample,28_1,8_31,67,Harvest,12_30,Variable,28,0,0,0,2,2,0,0,0,2,0,1,NA,NA,86.35127179,8.513572455,0.014759819
AA91,pitcher_Day Final (8.31),Harvest,18,no,x25 cycles 1-10 dilution,re-extracted in phenol-chloroform,True Sample,29_1,8_31,67,Harvest,12_30,Addition,29,0,0,4,1,5,2,0,0,5,0,1,NA,NA,21.13119627,18.84655567,0.024573013
AA95,pitcher_Day Final (8.31),Harvest,4.48,no,x25 cycles 1-10 dilution,chloroform cleaned,True Sample,29_2,8_31,67,Harvest,12_30,Addition,29,0,2,1,4,7,0,0,0,7,15,0.25,NA,NA,24.14673007,14.88659389,0.002919207
AA100,pitcher_Day Final (8.31),Harvest,0.133,yes,undiluted,all steps re-extracted,True Sample,3_1,8_31,67,Harvest,01_07,Variable,3,1,1,0,4,6,0,0,0,6,0,1,NA,NA,6.200004662,1.030483745,0.002484252
AA74,pitcher_Day Final (8.31),Harvest,0.675,yes,x25 cycles 1-10 dilution,chloroform cleaned,True Sample,3_2,8_31,67,Harvest,12_30,Removal,3,0,0,0,0,0,0,0,0,0,0,1,NA,NA,15.27526247,0.981990392,0.047994301
AA63,pitcher_Day Final (8.31),Harvest,1.65,yes,x25 cycles 1-10 dilution,chloroform cleaned,True Sample,3_3,8_31,67,Harvest,12_17,Addition,3,0,1,1,10,12,1,0,0,12,0,1,NA,NA,5.418265734,1.844440419,0.040239462
AA66,pitcher_Day Final (8.31),Harvest,2.42,no,x25 cycles 1-10 dilution,chloroform cleaned,True Sample,4_2,8_31,67,Harvest,12_21,Addition,4,1,3,3,5,12,0,0,0,12,0,1,NA,NA,5.977937529,0.739758089,0.029158454
AA106,pitcher_Day Final (8.31),Harvest,0.186,yes,undiluted,all steps re-extracted,True Sample,6_1,8_31,67,Harvest,01_07,Variable,6,0,2,1,1,4,0,0,0,4,0,1,NA,NA,35.46346667,1.795621781,0.059762974
AA80,pitcher_Day Final (8.31),Harvest,0.01,yes,undiluted,all steps re-extracted,True Sample,6_2,8_31,67,Harvest,12_30,Removal,6,0,0,3,0,3,0,0,0,3,0,1,NA,NA,27.16971748,1.617529971,0.052278872
AA83,pitcher_Day Final (8.31),Harvest,0.01,yes,NA,chloroform cleaned,True Sample,8_1,8_31,67,Harvest,12_30,Removal,8,0,0,0,0,0,0,0,0,0,0,1,NA,NA,19.65805501,2.052633539,0.037529376
AA72,pitcher_Day Final (8.31),Harvest,6.9,no,x25 cycles 1-10 dilution,None,True Sample,8_2,8_31,67,Harvest,12_30,Removal,8,0,2,3,0,5,0,0,0,5,0,1,NA,NA,3.968685315,1.109552687,0.010547271
AA82,pitcher_Day Final (8.31),Harvest,0.604,yes,x25 cycles 1-10 dilution,chloroform cleaned,True Sample,8_3,8_31,67,Harvest,12_30,Addition,8B,2,3,1,0,6,0,0,0,6,0,1,NA,NA,3.556386014,0.460691698,0.019050306
AA110,pitcher_Day Final (8.31),Harvest,0.05,yes,undiluted,all steps re-extracted,True Sample,8_4,8_31,67,Harvest,01_07,Variable,8A,0,0,0,1,1,0,0,0,1,0,1,NA,NA,34.16412308,1.674874414,0.023549295
AA86,pitcher_Day Final (8.31),Harvest,3.65,no,x25 cycles 1-10 dilution,None,True Sample,8_5,8_31,67,Harvest,12_30,Variable,8A,0,0,0,0,0,1,0,0,0,0,1,NA,NA,19.39698741,1.486975556,0.008435487
AA108,pitcher_Day Final (8.31),Harvest,0.01,yes,undiluted,all steps re-extracted,True Sample,9_1,8_31,67,Harvest,01_07,Removal,9,0,0,1,1,2,0,0,0,2,0,1,NA,NA,3.566341259,0.254972536,0.04013363
AA98,pitcher_Day Final (8.31),Harvest,0.01,yes,NA,all steps re-extracted,True Sample,9_2,8_31,67,Harvest,12_30,Addition,9,0,1,1,1,3,0,0,0,3,0,1,NA,NA,3.807048951,0.828393241,0.014499453
AA70,pitcher_Day Final (8.31),Harvest,2.5,no,undiluted,None,True Sample,9_3,8_31,67,Harvest,12_30,Removal,9A,0,0,0,1,1,0,0,0,1,0,1,NA,NA,1.8529669,0.282929256,0.017206246
AA115,starting egg water,starting egg water,0.014,yes,NA,all steps re-extracted,True Sample,egg water,8_20,67,NA,01_07,NA,NA,NA,NA,NA,NA,NA,NA,NA,NA,NA,NA,NA,NA,NA,NA,NA,NA
AAPCR_1,Negative,Negative,0.01,NA,NA,NA,Control Sample,NA,NA,NA,NA,NA,NA,NA,NA,NA,NA,NA,NA,NA,NA,NA,NA,NA,NA,NA,NA,NA,NA,NA
AAPCR_2,Negative,Negative,0.01,NA,NA,NA,Control Sample,NA,NA,NA,NA,NA,NA,NA,NA,NA,NA,NA,NA,NA,NA,NA,NA,NA,NA,NA,NA,NA,NA,NA
AAPCR_3,Negative,Negative,0.01,NA,NA,NA,Control Sample,NA,NA,NA,NA,NA,NA,NA,NA,NA,NA,NA,NA,NA,NA,NA,NA,NA,NA,NA,NA,NA,NA,NA
AAPCR_4,Negative,Negative,0.01,NA,NA,NA,Control Sample,NA,NA,NA,NA,NA,NA,NA,NA,NA,NA,NA,NA,NA,NA,NA,NA,NA,NA,NA,NA,NA,NA,NA
NA_336,NA,NA,NA,NA,NA,NA,NA,NA,NA,NA,NA,NA,NA,NA,NA,NA,NA,NA,NA,NA,NA,NA,NA,NA,NA,NA,NA,NA,NA,NA
NA_337,NA,NA,NA,NA,NA,NA,NA,NA,NA,NA,NA,NA,NA,NA,NA,NA,NA,NA,NA,NA,NA,NA,NA,NA,NA,NA,NA,NA,NA,NA
NA_338,NA,NA,NA,NA,NA,NA,NA,NA,NA,NA,NA,NA,NA,NA,NA,NA,NA,NA,NA,NA,NA,NA,NA,NA,NA,NA,NA,NA,NA,NA
NA_339,NA,NA,NA,NA,NA,NA,NA,NA,NA,NA,NA,NA,NA,NA,NA,NA,NA,NA,NA,NA,NA,NA,NA,NA,NA,NA,NA,NA,NA,NA
NA_340,NA,NA,NA,NA,NA,NA,NA,NA,NA,NA,NA,NA,NA,NA,NA,NA,NA,NA,NA,NA,NA,NA,NA,NA,NA,NA,NA,NA,NA,NA
NA_341,NA,NA,NA,NA,NA,NA,NA,NA,NA,NA,NA,NA,NA,NA,NA,NA,NA,NA,NA,NA,NA,NA,NA,NA,NA,NA,NA,NA,NA,NA
NA_342,NA,NA,NA,NA,NA,NA,NA,NA,NA,NA,NA,NA,NA,NA,NA,NA,NA,NA,NA,NA,NA,NA,NA,NA,NA,NA,NA,NA,NA,NA
NA_343,NA,NA,NA,NA,NA,NA,NA,NA,NA,NA,NA,NA,NA,NA,NA,NA,NA,NA,NA,NA,NA,NA,NA,NA,NA,NA,NA,NA,NA,NA
NA_344,NA,NA,NA,NA,NA,NA,NA,NA,NA,NA,NA,NA,NA,NA,NA,NA,NA,NA,NA,NA,NA,NA,NA,NA,NA,NA,NA,NA,NA,NA
NA_345,NA,NA,NA,NA,NA,NA,NA,NA,NA,NA,NA,NA,NA,NA,NA,NA,NA,NA,NA,NA,NA,NA,NA,NA,NA,NA,NA,NA,NA,NA
NA_346,NA,NA,NA,NA,NA,NA,NA,NA,NA,NA,NA,NA,NA,NA,NA,NA,NA,NA,NA,NA,NA,NA,NA,NA,NA,NA,NA,NA,NA,NA
NA_347,NA,NA,NA,NA,NA,NA,NA,NA,NA,NA,NA,NA,NA,NA,NA,NA,NA,NA,NA,NA,NA,NA,NA,NA,NA,NA,NA,NA,NA,NA
NA_348,NA,NA,NA,NA,NA,NA,NA,NA,NA,NA,NA,NA,NA,NA,NA,NA,NA,NA,NA,NA,NA,NA,NA,NA,NA,NA,NA,NA,NA,NA
NA_349,NA,NA,NA,NA,NA,NA,NA,NA,NA,NA,NA,NA,NA,NA,NA,NA,NA,NA,NA,NA,NA,NA,NA,NA,NA,NA,NA,NA,NA,NA
NA_350,NA,NA,NA,NA,NA,NA,NA,NA,NA,NA,NA,NA,NA,NA,NA,NA,NA,NA,NA,NA,NA,NA,NA,NA,NA,NA,NA,NA,NA,NA
NA_351,NA,NA,NA,NA,NA,NA,NA,NA,NA,NA,NA,NA,NA,NA,NA,NA,NA,NA,NA,NA,NA,NA,NA,NA,NA,NA,NA,NA,NA,NA
NA_352,NA,NA,NA,NA,NA,NA,NA,NA,NA,NA,NA,NA,NA,NA,NA,NA,NA,NA,NA,NA,NA,NA,NA,NA,NA,NA,NA,NA,NA,NA
NA_353,NA,NA,NA,NA,NA,NA,NA,NA,NA,NA,NA,NA,NA,NA,NA,NA,NA,NA,NA,NA,NA,NA,NA,NA,NA,NA,NA,NA,NA,NA
NA_354,NA,NA,NA,NA,NA,NA,NA,NA,NA,NA,NA,NA,NA,NA,NA,NA,NA,NA,NA,NA,NA,NA,NA,NA,NA,NA,NA,NA,NA,NA
NA_355,NA,NA,NA,NA,NA,NA,NA,NA,NA,NA,NA,NA,NA,NA,NA,NA,NA,NA,NA,NA,NA,NA,NA,NA,NA,NA,NA,NA,NA,NA
NA_356,NA,NA,NA,NA,NA,NA,NA,NA,NA,NA,NA,NA,NA,NA,NA,NA,NA,NA,NA,NA,NA,NA,NA,NA,NA,NA,NA,NA,NA,NA
NA_357,NA,NA,NA,NA,NA,NA,NA,NA,NA,NA,NA,NA,NA,NA,NA,NA,NA,NA,NA,NA,NA,NA,NA,NA,NA,NA,NA,NA,NA,NA
NA_358,NA,NA,NA,NA,NA,NA,NA,NA,NA,NA,NA,NA,NA,NA,NA,NA,NA,NA,NA,NA,NA,NA,NA,NA,NA,NA,NA,NA,NA,NA
NA_359,NA,NA,NA,NA,NA,NA,NA,NA,NA,NA,NA,NA,NA,NA,NA,NA,NA,NA,NA,NA,NA,NA,NA,NA,NA,NA,NA,NA,NA,NA
NA_360,NA,NA,NA,NA,NA,NA,NA,NA,NA,NA,NA,NA,NA,NA,NA,NA,NA,NA,NA,NA,NA,NA,NA,NA,NA,NA,NA,NA,NA,NA
NA_361,NA,NA,NA,NA,NA,NA,NA,NA,NA,NA,NA,NA,NA,NA,NA,NA,NA,NA,NA,NA,NA,NA,NA,NA,NA,NA,NA,NA,NA,NA
NA_362,NA,NA,NA,NA,NA,NA,NA,NA,NA,NA,NA,NA,NA,NA,NA,NA,NA,NA,NA,NA,NA,NA,NA,NA,NA,NA,NA,NA,NA,NA
NA_363,NA,NA,NA,NA,NA,NA,NA,NA,NA,NA,NA,NA,NA,NA,NA,NA,NA,NA,NA,NA,NA,NA,NA,NA,NA,NA,NA,NA,NA,NA
NA_364,NA,NA,NA,NA,NA,NA,NA,NA,NA,NA,NA,NA,NA,NA,NA,NA,NA,NA,NA,NA,NA,NA,NA,NA,NA,NA,NA,NA,NA,NA
NA_365,NA,NA,NA,NA,NA,NA,NA,NA,NA,NA,NA,NA,NA,NA,NA,NA,NA,NA,NA,NA,NA,NA,NA,NA,NA,NA,NA,NA,NA,NA
NA_366,NA,NA,NA,NA,NA,NA,NA,NA,NA,NA,NA,NA,NA,NA,NA,NA,NA,NA,NA,NA,NA,NA,NA,NA,NA,NA,NA,NA,NA,NA
NA_367,NA,NA,NA,NA,NA,NA,NA,NA,NA,NA,NA,NA,NA,NA,NA,NA,NA,NA,NA,NA,NA,NA,NA,NA,NA,NA,NA,NA,NA,NA
NA_368,NA,NA,NA,NA,NA,NA,NA,NA,NA,NA,NA,NA,NA,NA,NA,NA,NA,NA,NA,NA,NA,NA,NA,NA,NA,NA,NA,NA,NA,NA
NA_369,NA,NA,NA,NA,NA,NA,NA,NA,NA,NA,NA,NA,NA,NA,NA,NA,NA,NA,NA,NA,NA,NA,NA,NA,NA,NA,NA,NA,NA,NA
NA_370,NA,NA,NA,NA,NA,NA,NA,NA,NA,NA,NA,NA,NA,NA,NA,NA,NA,NA,NA,NA,NA,NA,NA,NA,NA,NA,NA,NA,NA,NA
NA_371,NA,NA,NA,NA,NA,NA,NA,NA,NA,NA,NA,NA,NA,NA,NA,NA,NA,NA,NA,NA,NA,NA,NA,NA,NA,NA,NA,NA,NA,NA
NA_372,NA,NA,NA,NA,NA,NA,NA,NA,NA,NA,NA,NA,NA,NA,NA,NA,NA,NA,NA,NA,NA,NA,NA,NA,NA,NA,NA,NA,NA,NA
NA_373,NA,NA,NA,NA,NA,NA,NA,NA,NA,NA,NA,NA,NA,NA,NA,NA,NA,NA,NA,NA,NA,NA,NA,NA,NA,NA,NA,NA,NA,NA
NA_374,NA,NA,NA,NA,NA,NA,NA,NA,NA,NA,NA,NA,NA,NA,NA,NA,NA,NA,NA,NA,NA,NA,NA,NA,NA,NA,NA,NA,NA,NA
NA_375,NA,NA,NA,NA,NA,NA,NA,NA,NA,NA,NA,NA,NA,NA,NA,NA,NA,NA,NA,NA,NA,NA,NA,NA,NA,NA,NA,NA,NA,NA
NA_376,NA,NA,NA,NA,NA,NA,NA,NA,NA,NA,NA,NA,NA,NA,NA,NA,NA,NA,NA,NA,NA,NA,NA,NA,NA,NA,NA,NA,NA,NA
NA_377,NA,NA,NA,NA,NA,NA,NA,NA,NA,NA,NA,NA,NA,NA,NA,NA,NA,NA,NA,NA,NA,NA,NA,NA,NA,NA,NA,NA,NA,NA
NA_378,NA,NA,NA,NA,NA,NA,NA,NA,NA,NA,NA,NA,NA,NA,NA,NA,NA,NA,NA,NA,NA,NA,NA,NA,NA,NA,NA,NA,NA,NA
NA_379,NA,NA,NA,NA,NA,NA,NA,NA,NA,NA,NA,NA,NA,NA,NA,NA,NA,NA,NA,NA,NA,NA,NA,NA,NA,NA,NA,NA,NA,NA
NA_380,NA,NA,NA,NA,NA,NA,NA,NA,NA,NA,NA,NA,NA,NA,NA,NA,NA,NA,NA,NA,NA,NA,NA,NA,NA,NA,NA,NA,NA,NA
NA_381,NA,NA,NA,NA,NA,NA,NA,NA,NA,NA,NA,NA,NA,NA,NA,NA,NA,NA,NA,NA,NA,NA,NA,NA,NA,NA,NA,NA,NA,NA
NA_382,NA,NA,NA,NA,NA,NA,NA,NA,NA,NA,NA,NA,NA,NA,NA,NA,NA,NA,NA,NA,NA,NA,NA,NA,NA,NA,NA,NA,NA,NA
NA_383,NA,NA,NA,NA,NA,NA,NA,NA,NA,NA,NA,NA,NA,NA,NA,NA,NA,NA,NA,NA,NA,NA,NA,NA,NA,NA,NA,NA,NA,NA
NA_384,NA,NA,NA,NA,NA,NA,NA,NA,NA,NA,NA,NA,NA,NA,NA,NA,NA,NA,NA,NA,NA,NA,NA,NA,NA,NA,NA,NA,NA,NA
NA_385,NA,NA,NA,NA,NA,NA,NA,NA,NA,NA,NA,NA,NA,NA,NA,NA,NA,NA,NA,NA,NA,NA,NA,NA,NA,NA,NA,NA,NA,NA
NA_386,NA,NA,NA,NA,NA,NA,NA,NA,NA,NA,NA,NA,NA,NA,NA,NA,NA,NA,NA,NA,NA,NA,NA,NA,NA,NA,NA,NA,NA,NA
